Заказчик,Область,Адрес,Код,Дата готовности,цена,Дата оплаты *,profit,Вид работ,№
"ООО ""ИНТЕРТЕЛЕКОМ""",Дніпропетрівська,"м. Дніпропетровськ, вул. Радгоспна, 42 ВТ",04075,11.11.2015,1560,24.11.2015,350,отчет,
"ООО ""ИНТЕРТЕЛЕКОМ""", Харківська ,"Харківська обл., м. Чугуїв, вул. Мічуріна, 8",21009,09.12.2015,1560,17.12.2015,350,отчет,
"ООО ""ИНТЕРТЕЛЕКОМ""", Харківська ,"Харьківська обл., Барвінківський р-н, м.Барвінкове, вул Першотравнева, 6",21151,09.12.2015,1560,09.12.2015,350,отчет,
"ООО ""ИНТЕРТЕЛЕКОМ""",Київ,"м. Київ, вул. Північна, 3",11008,07.12.2015,1560,13.01.2016,350,отчет,
"ООО ""ИНТЕРТЕЛЕКОМ""",Київ,"м. Київ, вул. Соломянська, 3",11032,07.12.2015,1560,13.01.2016,350,отчет,
"ООО ""ИНТЕРТЕЛЕКОМ""",Київ,"м. Київ, вул. Білецького, 34, на даху",11037,07.12.2015,1560,13.01.2016,350,отчет,
"ООО ""ИНТЕРТЕЛЕКОМ""",Київ,"г. Киев, Пуща-Водица, 14-линия (ІТК)",11080,07.12.2015,1560,13.01.2016,350,отчет,
"ООО ""ИНТЕРТЕЛЕКОМ""",Сумська,"м.Конотоп, 2пров.вул.Вирівська,2,ТЦ ""Парус""",19029,25.12.2015,1560,26.01.2016,350,отчет,
"ООО ""ИНТЕРТЕЛЕКОМ""", Харківська ,"м. Харків, пр. Людвіка Свободи, 53-А",21029,21.01.2016,1560,01.02.2016,350,отчет,
"ООО ""ИНТЕРТЕЛЕКОМ""",Дніпропетрівська,"м. Дніпропетровськ, вул. Ленінградська, 68",04074,21.01.2016,1560,05.02.2016,350,отчет,
"ООО ""ИНТЕРТЕЛЕКОМ""",Дніпропетрівська,"м.Дніпропетрівськ , вул   Чичеріна, 21",04013,05.02.2016,2385,18.02.2016,350,отчет,
"ООО ""ИНТЕРТЕЛЕКОМ""",Дніпропетрівська,"м. Дніпропетровськ, вул. Будьоного, 31",04090,05.02.2016,2385,18.02.2016,350,отчет,
"ООО ""ИНТЕРТЕЛЕКОМ""", Харківська ,21071 г. Волчанск. пл. Привокзальная.11,21071,10.02.2016,2385,10.03.2016,350,отчет,
"ООО ""ИНТЕРТЕЛЕКОМ""",Дніпропетрівська,"м. Дніпропетровськ, вул. Журналістів, 7, на даху",04018,15.02.2016,2385,10.03.2016,350,отчет,
"ООО ""ИНТЕРТЕЛЕКОМ""",Дніпропетрівська,"Дніпропетровський р-н, с-ще Дослідне, вул. Наукова, 1",04050,15.02.2016,2385,10.03.2016,350,отчет,
"ООО ""ИНТЕРТЕЛЕКОМ""",Чернігівська,"Чернігівська обл.смт. Срибне ул.Калинина,4",25050,24.02.2016,2385,18.03.2016,350,отчет,
"ООО ""ИНТЕРТЕЛЕКОМ""",Чернігівська,"Чернігівська обл. смт.Варва, вул. Миру,2",25054,24.02.2016,2385,18.03.2016,350,отчет,
"ООО ""ИНТЕРТЕЛЕКОМ""",Черкаська,"Черкаси, Фрунзе, 1",24052,03.03.2016,2385,24.03.2016,350,отчет,
"ООО ""ИНТЕРТЕЛЕКОМ""",Полтавська,"м. Полтава, пров. Волочайовський,2А",17035,15.03.2015,2385,28.03.2016,350,отчет,
"ООО ""ИНТЕРТЕЛЕКОМ""",Запорізька,"08011 м. Запоріжжя, вул. Рекордна,31а",08011,28.03.2016,2385,08.04.2015,350,отчет,
"ООО ""ИНТЕРТЕЛЕКОМ""",Запорізька,08022 Мелітопольський р-н. смт. Приазовське,08022,31.03.2016,2385,08.04.2015,350,отчет,
"ООО ""ИНТЕРТЕЛЕКОМ""",Запорізька,"м. Мелітополь, вул. Гагаріна, буд. 2",08051,28.03.2016,2385,18.04.2015,350,отчет,
"ООО ""ИНТЕРТЕЛЕКОМ""",Запорізька,"м. Запоріжжя, вул. Жасмінна, 5",08065,31.03.2016,2385,18.04.2015,350,отчет,
"ООО ""ИНТЕРТЕЛЕКОМ""",Полтавська,"м. Хорол, вул. Леніна, 15",17033,07.04.2016,2385,25.04.2015,350,отчет,
"ООО ""ИНТЕРТЕЛЕКОМ""",Полтавська,"м. Полтава, пров. Волочайовський,2А",17035,07.06.2016,2385,30.05.2016,350,ПУ,
"ООО ""ИНТЕРТЕЛЕКОМ""",Кіровоградська,"м. Кіровоград, вул. Бєляєва, 2",12010,14.04.2016,2385,16.05.2015,350,отчет,
"ООО ""АТМАКОМ""",Івано-Франківська,"Косівський р-н, с. Космач (щогла Н=42м)",UF0847,04.07.2016,1950,03.10.2016,350,отчет,
"ООО ""АТМАКОМ""",Івано-Франківська,"Надвіряиський р-н, с. Чорний Потік, ур. ""Остапів верх"" (щогла Н=36м)",UF0950,04.07.2016,1950,03.10.2016,350,отчет,
"ООО ""АТМАКОМ""",Івано-Франківська,"Косівський р-н, с. Брустури (щогла Н=36м)",UF1907,04.07.2016,1950,03.10.2016,350,отчет,
"ООО ""АТМАКОМ""",Івано-Франківська,"смт. Рожнятів, вул. Миру, 4 (щогла Н=30м)",UF0834,04.07.2016,1950,03.10.2016,350,отчет,
"ООО ""АТМАКОМ""",Івано-Франківська,"Калуський р-н, с. Голинь (залізобетона опора з насадкою (щогла) Н=30,8м)",UF0931,04.07.2016,1950,03.10.2016,350,отчет,
"ООО ""АТМАКОМ""",Івано-Франківська,"смт. Рожнятів, пл. Єдності (щогла Н=І2м на будівлі)",UF0934,04.07.2016,1950,03.10.2016,350,отчет,
"ООО ""АТМАКОМ""",Івано-Франківська,"Рожнятівський р-н, с. Грабів;",UF0965 ,10.07.2016,1950,19.08.2016,350,отчет,
"ООО ""АТМАКОМ""",Івано-Франківська,"Рожнятівський р-н, с. Брошнів-Осада;",UF1951 ,10.07.2016,1950,19.08.2016,350,отчет,
"ООО ""АТМАКОМ""",Івано-Франківська,"Верховинський р-н, с. Красник;",UF0798,10.07.2016,1950,19.08.2016,350,отчет,
"ООО ""АТМАКОМ""",Івано-Франківська,"Рожнятівський р-н, с. Верхній Струтинь;",UF0984,10.07.2016,1950,19.08.2016,350,отчет,
"ООО ""АТМАКОМ""",Івано-Франківська,"Рожнятівський р-н, смт. Перегінське.",UF0935,10.07.2016,1950,19.08.2016,350,отчет,
"ООО ""АТМАКОМ""",Івано-Франківська,"Івано-Франківська область, Богородчанський р-н, с. Росільна",UF0735,25.07.2016,1950,16.12.2016,350,отчет,
"ООО ""АТМАКОМ""",Івано-Франківська,"Івано-Франківська область, Борогодчанський р-н, смт. Солотвин, вул. Черемшини, 2",UF0963,25.07.2016,1950,16.12.2016,350,отчет,
"ООО ""АТМАКОМ""",Івано-Франківська,"Івано-Франківська область, Борогодчанський р-н, с. Дзвиняч, вул. Спортивна, 32",UF0976,25.07.2016,1950,16.12.2016,350,отчет,
"ООО ""АТМАКОМ""",Івано-Франківська,"Івано-Франківська обл., Верховинський район, с.Красник, урочище «Кошарище»,",UF1836,03.07.2016,1950,05.09.2016,350,отчет,
"ООО ""АТМАКОМ""",Івано-Франківська,"Івано-Франківська обл., Косівський р-н, с. Химчин",UF1857,03.07.2016,1950,05.09.2016,350,отчет,
"ООО ""АТМАКОМ""",Івано-Франківська," Івано-Франківська обл.,  Богородчанський р-н, с. Глибівка, вул. Гагаріна, ",UF0876,03.07.2016,1950,05.09.2016,350,отчет,
"ООО ""АТМАКОМ""",Херсонська,"м.Херсон, 5км Миколаївського шосе, видавництво «Наддніпрянська правда»
",ODE HER NPZ,18.08.2016,1950,16.12.2016,350,отчет,
"ООО ""АТМАКОМ""",Херсонська,"Одеська обл., Розділянський р-н, м. Роздільна,     вул. 40 років Перемоги. 18",ODE RAZ POB,18.08.2016,1950,16.12.2016,350,отчет,
"ООО ""АТМАКОМ""",Чернігівська,"Чернігівська
обл., м. Ніжин, вул. Космонавтів, 90, водонапірна башта авіазагону МНС",UI0739,18.08.2016,1950,16.12.2016,350,отчет,
"ООО ""АТМАКОМ""",Чернігівська,"м. Чернігів, вул. Любецька, 179;",UI0813,18.08.2016,1950,16.12.2016,350,отчет,
"ООО ""АТМАКОМ""",Чернігівська," м. Чернігів, вул.21-го вересня, 1;",UI0902,24.08.2016,1950,17.01.2017,350,отчет,
"ООО ""АТМАКОМ""",Чернігівська,"Чернігівська обл., м. Ніжин, вул. Синяківська, 79;",UI1939,24.08.2016,1950,17.01.2017,350,отчет,
"ООО ""АТМАКОМ""",Чернігівська,"м. Чернігів, вул. Борисенка, 45;",UI0814,24.08.2016,1950,17.01.2017,350,отчет,
"ООО ""АТМАКОМ""",Чернігівська,"Чернігівська обл., м. Ніжин, вул. Червонокозача, 3;",UI0839,24.08.2016,1950,17.01.2017,350,отчет,
"ООО ""АТМАКОМ""",Чернігівська,"Чернігівська обл., м. Ніжин, вул. Московська, 21.",UI0969,24.08.2016,1950,17.01.2017,350,отчет,
"ООО ""АТМАКОМ""",Миколіївська,"Миколіївська обл., Первомайський р-н, с. Кумари",ODE R82 KUM,28.02.2017,1950,10.04.2017,350,отчет,
"ООО ""АТМАКОМ""",Миколіївська,"Миколіївська обл., Врадіївський р-н, смт. Врадіївка, вул.. Гоголя, 1.",ODE VRA CNT,28.02.2017,1950,10.04.2017,350,отчет,
"ООО ""АТМАКОМ""",Миколіївська,"Миколіївська обл., Кривоозерський р-н, с. Лукнівка.",ODE R82 SYR,28.02.2017,1950,10.04.2017,350,отчет,
"ООО ""АТМАКОМ""",Миколіївська,"Миколіївська обл., Кривоозерський р-н, с. смт. Криве Озеро, вул. Кірова, 133.",ODE M20 KRZ,28.02.2017,1950,10.04.2017,350,отчет,
"ООО ""АТМАКОМ""",Миколіївська,"Миколіївська обл., Кривоозерський р-н, с. Курячі лози.",ODE M20 KLZ,28.02.2017,1950,25.04.2017,350,отчет,
"ООО ""АТМАКОМ""",Київська,"Київська обл., м. Київ, вул. Рокосовського, 8б.",KIE KIE MNS,10.03.2017,1950,15.05.2017,350,отчет,
"ООО ""АТМАКОМ""",Миколіївська,"Миколаївська область, Кривоозерський р-н,
с. Красненьке",ODE M20 KRA,10.03.2017,1950,15.05.2017,350,отчет,
"ООО ""АТМАКОМ""",Миколіївська," Миколіївська обл., Кривоозерський р-н, с. Мазурове.",ODE M20 MAZ,10.03.2017,1950,15.05.2017,350,отчет,
"ООО ""АТМАКОМ""",Миколіївська,"Миколіївська обл.,  Кривоозерський р-н, с. Очеретня.",ODE M20 OCH,10.03.2017,1950,15.05.2017,350,отчет,
"ООО ""АТМАКОМ""",Миколіївська," Миколіївська обл., Врадіївський р-н, с. Адамівка.",ODE VRA ADM,10.03.2017,1950,15.05.2017,350,отчет,
"ООО ""АТМАКОМ""",Миколіївська,"Миколіївська обл.,  Кривоозерський р-н, с. Тридуби.",ODE TRY DUB,10.03.2017,1950,15.05.2017,350,отчет,
"ООО ""АТМАКОМ""",Миколіївська,"Миколаївська область, Врадіївський р-н,
с. Краснівка.",ODE M21 KRA,29.03.2017,1950,01.06.2017,350,отчет,
"ООО ""АТМАКОМ""",Миколіївська,"Миколаївська область, Врадіївський р-н,
с. Новопавлівка.
",ODE NOV PAV,29.03.2017,1950,01.06.2017,350,отчет,
"ООО ""АТМАКОМ""",Миколіївська,"Миколаївська область, Кривоозерський р-н,
с. Секретарка
",ODE SEK RET,29.03.2017,1950,01.06.2017,350,отчет,
"ООО ""АТМАКОМ""",Миколіївська,"Миколаївська область, Кривоозерський р-н,
с. Велика Мечетня.
",ODE VME CHE,29.03.2017,1950,01.06.2017,350,отчет,
"ООО ""АТМАКОМ""",Миколіївська,"Миколаївська область, Кривоозерський р-н,
с. Криве Озеро
",ODE M20 KRO,29.03.2017,1950,01.06.2017,350,отчет,
"ООО ""АТМАКОМ""",Рівненська ,"Рівненська область, с. Моквин.",LVI MKV TWR,29.03.2017,1950,01.06.2017,350,отчет,
"ООО ""АТМАКОМ""",Рівненська ,"Рівненська обл., Рокитнівський р-н, с. Глинне",LVI GLN TOW,27.05.2017,1950,12.06.2017,350,отчет,
"ООО ""АТМАКОМ""",Івано-Франківська,"Івано-Франківська обл., Надвірнянський р-н, м. Надвірна, вул. Визволення, 5.",LVI NAD DRK,27.05.2017,1950,12.06.2017,350,отчет,
"ООО ""АТМАКОМ""",Рівненська ,"Рівненська обл., Рокитнівський р-н, с. Березове",LVI BER RKT,27.05.2017,1950,30.06.2017,350,отчет,
"ООО ""АТМАКОМ""",Рівненська ,"Рівненська обл., Дубенський р-н, с. Мильча.",LVI MYL TOW,27.05.2017,1950,30.06.2017,350,отчет,
"ООО ""АТМАКОМ""",Рівненська ,"Рівненська обл., Радивилівський р-н, с. Теслугів.",LVI TSL TOW,27.05.2017,1950,30.06.2017,350,отчет,
"ООО ""АТМАКОМ""",Чернігівська,"Чернігівська область, смт. Талалаївка, вул. Робоча, 51.",UI 0847,27.05.2017,1950,11.07.2017,350,отчет,
"ООО ""АТМАКОМ""",Чернігівська,"Чернігівська область, смт. Куликівка, вул. Щорса, 50.",,27.05.2017,1950,11.07.2017,350,отчет,
"ООО ""АТМАКОМ""",Рівненська ,"Рівненська обл., Костопільський р-н, с. Лісопіль, вул. Грушевського, 3.",LVI LSP TOW,27.05.2017,1950,11.07.2017,350,отчет,
"ООО ""АТМАКОМ""",Рівненська ,"Рівненська область, Костопільський р-н,
с. Моквинські Хутори
", LVI MKV TOW,27.05.2017,1950,11.07.2017,350,отчет,
"ООО ""АТМАКОМ""",Рівненська ,"Рівненська обл., Демидівський р-н, смт. Демидівка, вул. Першотравнева, 1",LVI DMD VDN,27.05.2017,1950,11.07.2017,350,отчет,
"ООО ""АТМАКОМ""",Рівненська ,"Рівненська обл., Дубенський р-н, с. Мирогоща Перша.",LVI MRG TOW,27.05.2017,1950,09.08.2017,350,отчет,
"ООО ""АТМАКОМ""",Рівненська ,"Рівненська обл., Дубенський р-н, с. Мирогоща Перша, вежа ЦПМ
",LVI M17 MIR,27.05.2017,1950,09.08.2017,350,отчет,
"ООО ""АТМАКОМ""",Рівненська ,"Рівненська обл., Дубенський р-н, с. Стовпець.",LVI M17 STL,27.05.2017,1950,09.08.2017,350,отчет,
"ООО ""АТМАКОМ""",Рівненська ,"Рівненська обл., Костопільський р-н, с. Берестовець",LVI BRS TOW,27.05.2017,1950,09.08.2017,350,отчет,
"ООО ""АТМАКОМ""",Рівненська ,"Рівненська обл., Березнівський р-н, с. Кургани, вежа ОРТПЦ",LVI BRZ TVT,27.05.2017,1950,07.09.2017,350,отчет,
"ООО ""АТМАКОМ""",Черкаська ,"Черкаська область, Корсунь-Шевченківський р-н,
м. Корсунь-Шевченківський, вул. Костомарова, 20.
",KIE CHK KR3,01.07.2017,1950,07.09.2017,350,отчет,
"ООО ""АТМАКОМ""",Черкаська ,"Черкаська область, Уманський р-н,
с. Краснопілка.
",KIE CHK KSP,01.07.2017,1950,07.09.2017,350,отчет,
"ООО ""АТМАКОМ""",Черкаська ,"Черкаська область, Маньківський р-н,
с. Подібна.
",KIE CHK POD,01.07.2017,1950,07.09.2017,350,отчет,
"ООО ""АТМАКОМ""",Житомирська,"Житомирська область, Баранівський р-н,
смт. Баранівка, вул. Звягельська, 3.
",KIE ZHI BRA,01.07.2017,1950,28.09.2017,350,отчет,
"ООО ""АТМАКОМ""",Рівненська ,"Рівненська обл., Острозький р-н, с. Верхів.",LVI VRH TWR,01.07.2017,1950,28.09.2017,350,отчет,
"ООО ""АТМАКОМ""",Рівненська ,"Рівненська обл., Гощанський р-н, с. Тучин.",LVI TCH TOW,01.07.2017,1950,28.09.2017,350,отчет,
"ООО ""АТМАКОМ""",Рівненська ,"Рівненська обл., Сарненський р-н, с. Корост.",LVI VVR SAR,01.07.2017,1950,28.09.2017,350,отчет,
"ООО ""АТМАКОМ""",Рівненська ,"Рівненська область, Рівненський район,c. Три копці, ТОВ «лайфселл».",LVI TRK AST,01.07.2017,1950,01.11.2017,350,отчет,
"ООО ""АТМАКОМ""",Рівненська ,"Рівненська обл., Здолбунівський р-н, с. Здовбиця.",LVI ZDC TOW,01.07.2017,1950,01.11.2017,350,отчет,
"ООО ""АТМАКОМ""",Волинська,"Волинська обл., м. Нововолинськ, вул. Св. Володимира, 5.",LVI NVV CNT,01.07.2017,1950,01.11.2017,350,отчет,
"ООО ""АТМАКОМ""",Волинська,"Донецька обл., м. Костянтинівка, вул. Бєлоусова, 5.",DON KON BEL,19.08.2017,1950,01.11.2017,350,отчет,
"ООО ""АТМАКОМ""",Черкаська ,"Черкаська область, Жашківський р-н, с. Бузівка
",KIE M20 BUZ,19.08.2017,1950,01.11.2017,350,отчет,
"ООО ""АТМАКОМ""",Черкаська ,"Черкаська область, Уманський р-н,с. Шарин.
",KIE M20 SRN,19.08.2017,1950,01.11.2017,350,отчет,
"ООО ""АТМАКОМ""",Волинська,"Волинська обл., Іваничівський р-н, смт. Іваничі, вул. Заводська, 30, ВАТ ""Комбікормовий завод"".",LVI IVN KKZ,19.08.2017,1950,01.11.2017,350,отчет,
"ООО ""АТМАКОМ""",Черкаська ,"Черкаська область, Звенигородський р-н,
м. Звенигородка, пр-т. Шевченка, 68.",KIE CHK ZV2,19.08.2017,1950,01.11.2017,350,отчет,
"ООО ""АТМАКОМ""",Івано-Франківська,"Івано-франківська обл., м. Калуш, територія рудника ""Пійло"".",LVI GLN KAL,19.08.2017,1950,27.12.2017,350,отчет,
"ООО ""АТМАКОМ""",Івано-Франківська,"Івано-Франківська обл. Долинський р-н, м. Долина, пр-т Незалежності, 3а.",LVI DOL NEZ,19.08.2017,1950,27.12.2017,350,отчет,
"ООО ""АТМАКОМ""",Одеська,"Одеська область, м. Одеса,
вул. Миколаївська дорога, 128.",ODE ODE DRG,19.08.2017,1950,27.12.2017,350,отчет,
"ООО ""АТМАКОМ""",Рівненська ,"м. Рівне, вул. Коперника, 21.",18-0002,01.11.2017,1950,01.11.2017,350,отчет,
"ООО ""АТМАКОМ""",Івано-Франківська,"Рівненська область, Сарненський р-н,
м. Сарни, вул. Ковельська, 24.",LVI DOL MIC,19.08.2017,1950,19.08.2017,350,отчет,
"ООО ""АТМАКОМ""",Рівненська ,"Рівненська область, Івано-Франківська обл., Тисменицький р-н, с. Майдан.",LVI MDN BDN,19.08.2017,1950,19.08.2017,350,отчет,
"ООО ""АТМАКОМ""",Рівненська ,"Рівненська область, Сарненський р-н, м. Сарни, вул. Ковельська, 24.",LVI SAR SUV,01.11.2017,1950,01.11.2017,350,отчет,
"ООО ""АТМАКОМ""",,"СК-26 для 4,5",,01.11.2017,1950,01.11.2017,350,отчет,
"ООО ""АТМАКОМ""",Волинська,"Волинська область, Ківерцівський р-н, м. Ківерці, вул. 17 Вересня, 31В.",LVI KVR VRS,01.11.2017,1950,01.11.2017,350,отчет,
"ООО ""АТМАКОМ""",,кспертиза башни 2_район_40_м,,01.11.2017,1950,01.11.2017,350,отчет,
"ООО ""АТМАКОМ""",,кспертиза башни 3_район_50_м,,01.11.2017,1950,01.11.2017,350,отчет,
"ООО ""АТМАКОМ""",,кспертиза башни 4_район_40_м,,01.11.2017,1950,01.11.2017,350,отчет,
"ООО ""МОД Девелопмент""",Херсонська,"Херсонська область, смт Чаплинка, вул Грушевського, 1",7102,21.07.2017,8000,03.08.2017,350,отчет,
"ООО ""МОД Девелопмент""",Луганська ,"Херсонська область, смт Чаплинка, вул Грушевського, 1 перерасчет",7102,05.12.2017,4000,14.12.2017,350,отчет,
"ООО ""МОД Девелопмент""",Луганська ,"с/рада Широківська, Станично-Луганський  р-н, Луганська обл",,26.12.2017,10000,26.12.2017,350,отчет,
"ООО ""Люм’єр Україна""",Сумська,"Сумська область, м. Суми Расчет уличной елки 18м высотой",,21.12.2017,4000,21.12.2017,350,отчет,
"ООО ""Люм’єр Україна""",Сумська,"Сумська область, м. Суми Перерасчетуличной елки 18м высотой",,21.12.2017,2000,21.12.2017,350,отчет,
"ООО ""МОД Девелопмент""",Одеська,"КМ часть РП : «Универсальный крытый зал» по ул. Одесская, дом.1/а, г. Ананьев ",,13.07.2018,42000,13.07.2018,350,КМ,
"ООО ""Люм’єр Україна""",Київ,Розрахунок на несучу здатність металевої конструкції “Каркас вуличної новорічної ялинки висотою 11 м”,,09.11.2018,4000,12.11.2018,350,отчет,
"ООО ""Люм’єр Україна""",Донецька ,Розрахунок на несучу здатність металевої конструкції “Каркас вуличної новорічної ялинки висотою 10 м”,"м Святогірськ
Донецькій обл
",22.11.2018,4000,22.11.2018,350,отчет,
БУДЗВ’ЯЗОКСЕРВИС,Херсонська,"Херсонська область  м.Херсон, вул. Некрасова, 150",ODE HER NKR,01.06.2020,7500,08.09.2020,350,отчет,
БУДЗВ’ЯЗОКСЕРВИС,Херсонська,"Херсонська область  м.Херсон, пров. Консервний, 15",ODE HER PRO,01.06.2020,7000,01.09.2020,350,отчет,
БУДЗВ’ЯЗОКСЕРВИС,Херсонська,"Херсонська область  м.Херсон, вул Маяковського 16а отмена",ODE HER MAY,01.06.2020,7000,01.06.2020,350,отчет,
"ООО ""АТМАКОМ""",Запорізька ,"Комплекс робіт з розрахунку на несучу здатність антенно-щоглових споруд UZ4818 Запорізька обл., Якимівський р-н, смт. Кирилівка, вул. Коса Пересип, буд. 156",UZ4818 ,26.06.2020,3000,26.06.2020,350,отчет,
"ООО ""АТМАКОМ""",Запорізька ,"Комплекс робіт з розрахунку на несучу здатність антенно-щоглових споруд UZ4817 Запорізька обл., Якимівський р-н, смт Кирилівка, вул. Федотова коса, готель ""Гранд Вікторія""",UZ4817 ,26.06.2020,3000,26.06.2020,350,отчет,
"ООО ""АТМАКОМ""",Запорізька ,"Комплекс робіт з розрахунку на несучу здатність антенно-щоглових споруд UZ2978 Запорізька обл., Якимівський р-н, смт. Кирилівка, б/в «Колос»",UZ2978 ,26.06.2020,3000,26.06.2020,350,отчет,
"ООО ""АТМАКОМ""",Запорізька ,"Комплекс робіт з розрахунку на несучу здатність антенно-щоглових споруд UZ1738 Запорізька обл., Якимівський р-н, смт. Кирилівка, Приморський бульвар, 30",UZ1738 ,26.06.2020,3000,26.06.2020,350,отчет,
"ООО ""АТМАКОМ""",Запорізька ,"Комплекс робіт з розрахунку на несучу здатність антенно-щоглових споруд UZ2837 Запорізька область, Якимівський район, смт. Кирилівка, коса Пересип, б/в “Чайка”",UZ2837 ,26.06.2020,3000,26.06.2020,350,отчет,
"ООО ""АТМАКОМ""",Запорізька ,"Комплекс робіт з розрахунку на несучу здатність антенно-щоглових споруд UZ1827 Запорізька область, Якимівський 
район, смт. Кирилівка, вул. Центральна, 1, вежа “Укртелеком”",UZ1827 ,26.06.2020,3000,26.06.2020,350,отчет,
"ООО ""АТМАКОМ""",Запорізька ,"Комплекс робіт з розрахунку на несучу здатність антенно-щоглових споруд UZ2981 Запорізька обл., смт. Кирилівка, вул. Коса Пересип, 58",UZ2981 ,26.06.2020,3000,26.06.2020,350,отчет,
"ООО ""АТМАКОМ""",Запорізька ,"Комплекс робіт з розрахунку на несучу здатність антенно-щоглових споруд UZ2980 Запорізька обл., смт. Кирилівка, вул. Коса Пересип, 42",UZ2980 ,26.06.2020,3000,26.06.2020,350,отчет,
"ООО ""АТМАКОМ""",Донецька ,"Про обстеження конструкцій металевої щогли (Н=8,0м) на покрівлі будівлі (Н=71,5м) загальною висотою Н=79,6м за адресою: Донецька обл., м. Мирноград, вул. Артема, 4 
(копер шахти ""Центральна"") з перерахунком несучої здатності, з метою встановлення проектованого антенно-фідерного обладнання",UD0925,04.09.2020,2500,04.09.2020,350,отчет,
"ООО ""АТМАКОМ""",Донецька ,"Про обстеження конструкцій металевої щогли (Н=18,0м) на покрівлі будівлі (Н=13,0м) загальною висотою Н=31,0м за адресою: Донецька обл., м. Мирноград (Димитров), вул. Курська 17, з перерахунком несучої здатності, з метою встановлення проектованого антенно-фідерного обладнання ",UD1925,04.09.2020,2500,04.09.2020,350,отчет,
"ООО ""АТМАКОМ""", Харківська ,"Про обстеження конструкцій антенної опори загальною висотою Н=42.0 за адресою: м. Харків, вул. Киргізська, 128, з перерахунком несучої здатності, з метою встановлення додаткового антенно-фідерного обладнання ",UK0978,04.09.2020,2500,04.09.2020,350,отчет,
"ООО ""АТМАКОМ""", Харківська ,"Про обстеження конструкцій антенної опори загальною висотою Н=42,8 за адресою: Харківська обл.,  
Дергачівський р-н,с.Черкаська Лозова, з перерахунком несучої здатності, з метою встановлення додаткового антенно-фідерного обладнання ",UK0941,04.09.2020,2500,04.09.2020,350,отчет,
"ООО ""АТМАКОМ""", Харківська ,"Про обстеження конструкцій металевої щогли (Н=24,0м) на покрівлі будівлі (Н=9,1м) загальною висотою Н=33,1м за адресою: м. Харків, пр. Олександрівський 144, з перерахунком несучої здатності, з метою встановлення проектованого антенно-фідерного обладнання UK3745",UK3745,18.09.2020,2500,18.09.2020,350,отчет,
"ООО ""АТМАКОМ""",Луганська ,"Про визначення несучої здатності вежі висотою Н=39,5м, розташованої за адресою: Луганська обл., Новопсковський р-н, с. Кам'янка, земельна ділянка, з перерахунком несучої здатності, з метою встановлення додаткового антенно-фідерного обладнання  UG0630",UG0630,18.09.2020,2500,18.09.2020,350,отчет,
"ООО ""АТМАКОМ""", Харківська ,"Про обстеження конструкцій металевої щогли (Н=23,1м) на покрівлі будівлі (Н=13,4м) загальною висотою Н=36,5м за адресою: м. Харків, пр. Московський 259, з перерахунком несучої здатності, з метою встановлення проектованого антенно-фідерного обладнання  UG0914",UG0914,18.09.2020,2500,18.09.2020,350,отчет,
"ООО ""АТМАКОМ""", Харківська ,"Про обстеження конструкцій антенної опори загальною висотою Н=42.00м за адресою: Харківська обл., Харківський р-н, 
м. Харків, вул. Єнакієвська,19\318, з перерахунком несучої здатності, з метою встановлення додаткового антенно-фідерного обладнання  UG0955",UG0955,18.09.2020,2500,18.09.2020,350,отчет,
"ООО ""АТМАКОМ""", Харківська ,"Про обстеження конструкцій антенної опори загальною висотою Н=42.45м за адресою: Харківська обл., Харківський р-н, смт Безлюдівка, вул. Перемоги, 162, з перерахунком несучої здатності, з метою встановлення додаткового антенно-фідерного обладнання  UG0885",UG0885,18.09.2020,2500,18.09.2020,350,отчет,
"ООО ""АТМАКОМ""", Харківська ,"Про обстеження конструкцій металевої опори загальною висотою Н=30,9 м за адресою: м. Харків, вул. Світ Шахтаря, 4/6, з перерахунком несучої здатності, з метою встановлення додаткового антенно-фідерного обладнання  UK3947",UK3947,08.10.2020,2500,08.10.2020,350,отчет,
"ООО ""АТМАКОМ""", Харківська ,"Про обстеження конструкцій антенної опори загальною висотою Н=42.3м за адресою: Харківська обл., Харківський р-н, м. Харків, вул. Костичева, 29, з перерахунком несучої здатності, з метою встановлення додаткового антенно-фідерного обладнання UK3988",UK3988,08.10.2020,2500,08.10.2020,350,отчет,
"ООО ""АТМАКОМ""", Харківська ,"Про визначення несучої здатності вежі висотою Н=16,2м, розташованої за адресою: м. Харків, вул. Автогенна, 16, з перерахунком несучої здатності, з метою встановлення додаткового антенно-фідерного обладнання  UK3729",UK3729,08.10.2020,2500,08.10.2020,350,отчет,
"ООО ""АТМАКОМ""", Харківська ,"Про визначення несучої здатності вежі висотою Н=16,0м, розташованої за адресою: м. Харків, вул. Руставелі, 30, з перерахунком несучої здатності, з метою встановлення додаткового антенно-фідерного обладнання UK3711",UK3711,08.10.2020,2500,08.10.2020,350,отчет,
"ООО ""АТМАКОМ""", Харківська ,"Про визначення несучої здатності вежі висотою м. Харків, пр-т Петра Григоренка, 10/14 UK3651",UK3651,08.10.2020,2500,08.10.2020,350,отчет,
"ООО ""Люм’єр Україна""",Донецька ,Ёлка Стволовая 14м с литой хвоей,"м Святогірськ
Донецькій обл
",30.10.2020,5000,30.10.2020,350,отчет,
"ООО ""ВКФ ""Алькада""",Донецька ,"Про обстеження конструкцій будівлі на ділянці встановлення вежі висотою Н=16,0м на покрівлі будівлі загальною висотою Н=20,0м, за адресою: Донецька обл., м. Маріуполь, пров. Банний 5, з перерахунком несучої здатності, з метою встановлення додаткового антенно-фідерного обладнання ",UD2993,08.11.2020,4600,08.11.2020,350,проект привязки,
"ООО ""ВКФ ""Алькада""", Харківська ,"Харківська обл., Валківський р-н, сщ. При-вокзальне, вул. Привокзальна 13, з метою встановлення обладнання мобільного зв’язку",KHA GAZ OVE,21.11.2020,1700,21.11.2020,350,отчет,
"ООО ""ВКФ ""Алькада""",Кіровоградська,"Кіровоградська обл., Новоукраїнський р-н, м. Новоукраїнка, вул. Миколи Воронного, 186, з метою встанов- лення обладнання мобільного зв’язку ",DNE NOV CAR,04.12.2020,1700,04.12.2020,350,отчет,
"ООО ""ВКФ ""Алькада""", Харківська ,"Харьковская обл., Волчанский р-н, пгт. Вильча, труба котельной.",KH0731,30.11.2020,2300,04.12.2020,350,отчет,
"ООО ""ВКФ ""Алькада""",Дніпропетрівська,"Днепропетровская обл, Павлоградский р-н, с. Кочережки",DN2632,01.12.2020,2300,11.12.2020,350,отчет,
"ООО ""ВКФ ""Алькада""",Дніпропетрівська,"Днепропетровская обл, Павлоградский р-н, с. Приволчанское, ул. Школьная",DN2648,03.12.2020,2300,15.12.2020,350,отчет,
"ООО ""ВКФ ""Алькада""", Харківська ,"Харківська обл., Валківський р-н, сщ. При-вокзальне, вул. Привокзальна 13, з метою встановлення обладнання мобільного зв’язку",KHA GAZ OVE,15.12.2020,2300,31.12.2020,350,отчет,
"ООО ""ВКФ ""Алькада""",Дніпропетрівська,"DN0249 Дніпропетровський р-н., с. Старі Кодаки, вул. Аеропорт, 227","DN0249
",25.12.2020,2300,13.01.2020,350,отчет,
Конструктор Люмьер,,площидка над парковкой,,27.12.2020,7000,28.12.2020,350,отчет,
"ООО ""ВКФ ""Алькада""",Дніпропетрівська,"DN4045 Днепропетровская обл, Каменский р-н, г. Вольногорск, ул. Степная.",DN4045,17.01.2021,2300,31.01.2021,350,отчет,
"ООО ""ВКФ ""Алькада""",Донецька область,"Донецька область, м. Маріуполь, пров. Ризький, 40",UD2952  ,01.02.2021,2300,10.02.2021,350,отчет,
"ООО ""ВКФ ""Алькада""",Донецька область,"Днепропетровская обл, Перопавловский р-н,с.Брагиновка ",DN2643,01.03.2021,2300,03.03.2021,350,отчет,
"ООО ""ВКФ ""Алькада""",Донецька область,"Донецька область, м. Маріуполь, пров. Ризький, 40",UD2952  ,01.02.2021,600,12.03.2021,350,отчет,
"ООО ""ВКФ ""Алькада""",Донецька область," Харківської обл., Чугуївський р-н, с.Малинівка",KH2709,08.03.2021,2300,17.03.2021,350,отчет,
"ООО ""ВКФ ""Алькада""",Донецька область,"Донецька область, Мангушський р-н, смт Мангуш, вул. Поштова, 14-а
",UD2784,10.03.2021,2300,21.03.2021,350,отчет,
"ООО ""ВКФ ""Алькада""",,тивовая 10.03.2021 24м,,15.03.2021,2000,27.03.2021,350,отчет,
"ООО ""ВКФ ""Алькада""",,тивовая 10.03.2021 14м,,15.03.2021,2000,27.03.2021,350,отчет,
НЕМ,,РНС упорной стены ТС-8,,25.03.2021,2000,26.03.2021,350,отчет,
"ООО ""ВКФ ""Алькада""",Донецька ,"Донецька область, м. Маріуполь, Кальміуський р-н, сел. Старий Крим, вул. Центральна, 51-Б",UD0945,29.03.2021,2300,06.04.2021,350,отчет,
"ООО ""ВКФ ""Алькада""",Донецька ,"Донецька область, м. Маріуполь, вул. Варшавська, ринок",UD0670,29.03.2021,2300,08.04.2021,350,отчет,
"ООО ""ВКФ ""Алькада""",Дніпропетрівська,"Днепропетровская обл, Павлоградский р-н, с. Кочережки",DN2632,24.03.2021,500,03.04.2021,350,отчет,
"ООО ""ВКФ ""Алькада""",Донецька ,"Донецька обл., м. Маріуполь, вул. Київська, 31",UD2754,29.03.2021,2300,08.04.2021,350,отчет,
"ООО ""ВКФ ""Алькада""",Донецька ,"Донецька обл., м. Маріуполь, с. Кам’янське, вул. Червоногвардійська, 6",UD0758,30.03.2021,2300,09.04.2021,350,отчет,
"ООО ""ВКФ ""Алькада""",Донецька ,"Донецька обл., м. Маріуполь, Володарське шосе, 1",UD1969,05.04.2021,2300,15.04.2021,350,отчет,
"ООО ""ВКФ ""Алькада""",Донецька ,"Донецька обл., м. Маріуполь, вул. Гранітна, насосна станція 3-го підйом",UD2933,07.04.2021,2300,16.04.2021,350,отчет,
"ООО ""ВКФ ""Алькада""",Донецька ,"Донецька обл., м. Маріуполь, вул. Карпова, 80",UD2948,10.04.2021,2300,19.04.2021,350,отчет,
"ООО ""АТМАКОМ""", Харківська ,"м. Харків, Салтівське шосе, 268” ",UK0830 ,10.04.2021,2500,21.04.2021,350,отчет,№2 2021
"ООО ""АТМАКОМ""", Харківська ,"Харківська обл., Харківський р-н, м. Харків, пр. Тракторобудівників, 59\56",UK0832,11.04.2021,2500,21.04.2021,350,отчет,№2 2021
"ООО ""АТМАКОМ""", Харківська ,"Харківська обл., м. Вовчанськ, пл. Привокзальна, 11",UK0836,10.04.2021,2500,21.04.2021,350,отчет,№2 2021
"ООО ""АТМАКОМ""", Харківська ,"м. Харків, вул. Целиноградська, 50",UK0868,10.04.2021,2500,21.04.2021,350,отчет,№2 2021
"ООО ""АТМАКОМ""", Харківська ,"Харківська обл., Харківський р-н, м. Харків, пр. Гагаріна, 181
",UK0905,10.04.2021,2500,21.04.2021,350,отчет,№2 2021
"ООО ""ВКФ ""Алькада""", Харківська ,"Харківська обл., Зміївський р-н, с.Донец",KH0655,10.04.2021,2300,19.04.2021,350,отчет,
"ООО ""АТМАКОМ""", Харківська ," м. Харків, вул. Тракторобудівників, 111А",UK0778,14.04.2021,2500,23.04.2021,350,отчет,№3 2021
"ООО ""АТМАКОМ""", Харківська ," м. Харків, вул. Харківських дивізій, 23",UK0807,14.04.2021,2500,23.04.2021,350,отчет,№3 2021
"ООО ""АТМАКОМ""", Харківська ," м. Харків, вул. Гвардійців Широнінців, 68",UK0882,18.04.2021,2500,23.04.2021,350,отчет,№3 2021
"ООО ""АТМАКОМ""", Харківська ," м. Харків, вул. Морозова, 3А",UK0887,15.04.2021,2500,23.04.2021,350,отчет,№3 2021
"ООО ""АТМАКОМ""", Харківська ," м. Харків, вул. Микитенко, 10",UK0891,15.04.2021,2500,23.04.2021,350,отчет,№3 2021
"ООО ""ВКФ ""Алькада""",Донецька ,"Донецкая обл., г. Мариуполь, ул. Таганрогское шоссе, 36, башня ПрАО ""ВФ Украина""",UD0654 ,21.04.2021,2300,04.05.2021,350,отчет,
"ООО ""ВКФ ""Алькада""",Донецька ,"Донецька область, м. Маріуполь, пр-т. Нахімова, 182",UD0768  ,16.04.2021,2300,24.04.2021,350,отчет,
"ООО ""Люм’єр Україна""",,5 шт конструккий детской площидки Одесса,,21.04.2021,21000,01.05.2021,350,отчет,
"ООО ""Люм’єр Україна""",,5 шт конструккий детской площидки Одесса ДОП,,21.04.2021,1500,01.05.2021,350,отчет,
"ООО ""АТМАКОМ""",Сумська,"Сумська обл., Буринський р-н, с. Піски",US0697,17.05.2021,2500,03.06.2021,350,отчет,№4 2021
"ООО ""АТМАКОМ""",Сумська,"Сумська обл., Путівльський р-н, с. Кочерги, вул. Миру, землевідведення",US0629,21.05.2021,2500,03.06.2021,350,отчет,№4 2021
"ООО ""АТМАКОМ""",Сумська,"Сумська обл., Сумський р-н, с. Юнаківка, вул. Новоселівська","US0609
",17.05.2021,2500,03.06.2021,350,отчет,№4 2021
"ООО ""ВКФ ""Алькада""",Донецька ,"Донецька область, м. Маріуполь. вул. Металургійна, 1",UD0770,23.04.2021,2300,06.05.2021,350,отчет,
"ООО ""АТМАКОМ""",Запорізька ,"Запорізька обл., Якимівський р-н, смт. Кирилівка, Приморський бульвар,
30",UZ1738,04.05.2021,2500,14.05.2021,350,отчет,№3 2021
"ООО ""АТМАКОМ""",Запорізька ,"Запорізька обл., Якимівський р-н,
смт. Кирилівка, б/в «Колос»",UZ2978,07.05.2021,2500,14.05.2021,350,отчет,№3 2021
"ООО ""АТМАКОМ""",Запорізька ,"Запорізька обл., Якимівський р-н, смт. Кирилівка, вул. Коса Пересип, 58",UZ2981,04.05.2021,2500,14.05.2021,350,отчет,№3 2021
"ООО ""АТМАКОМ""",Запорізька ,"Запорізька область, Якимівський р-он смт. Кирилівка. вул. Коса
Федотова, буд. 63,",UZ4820,04.05.2021,2500,14.05.2021,350,отчет,№3 2021
"ООО ""ВКФ ""Алькада""",Полтавська ,"місто Полтава, вул. Енергетична, 3 Б",KHA POL ZAT,04.05.2021,2300,14.05.2021,350,отчет,
"ООО ""ВКФ ""Алькада""",Полтавська ,"місто Полтава, вул. Енергетична, 3 Б",KHA POL ZAT,09.05.2021,2300,19.05.2021,350,ПУ,
"ООО ""АТМАКОМ""",Запорізька ,"Запорізька обл., Бердянський р-н, с. Червоне Поле, вул. Центральна, 111а",UZ0662,08.05.2021,2500,14.05.2021,350,отчет,№3 2021
"ООО ""АТМАКОМ""",Запорізька ,"м. Запоріжжя, вул. Виробнична, 11а",UZ0700,04.05.2021,2500,14.05.2021,350,отчет,№3 2021
"ООО ""АТМАКОМ""",Запорізька ,"м. Запоріжжя , Донецьке шосе, 6",UZ0707,04.05.2021,2500,14.05.2021,350,отчет,№3 2021
"ООО ""АТМАКОМ""",Запорізька ,"м. Запоріжжя, пр. Інженера Преображенського, 33",UZ0714,05.05.2021,2500,14.05.2021,350,отчет,№3 2021
"ООО ""АТМАКОМ""",Запорізька ,"м. Запоріжжя, вул. Руставі, 1-Д",UZ0723,05.05.2021,2500,14.05.2021,350,отчет,№3 2021
"ООО ""ВКФ ""Алькада""",Дніпропетрівська," Дніпропетровська обл., Павлоградський р-н, с. В'язівок ППР",DN2623,17.05.2021,2300,28.05.2021,350,отчет,
"ООО ""ВКФ ""Алькада""",Дніпропетрівська," ДніnроnеmроВська оі5л, с.ЖоВmі Водu, Вул. Перемогu, 59",DN3007,05.06.2021,2300,15.06.2021,350,отчет,
"ООО ""ВКФ ""Алькада""",Сумська," Сумська обл., Липоводолинський р-н, с. Саї", KHA LIP SAI,14.05.2021,2300,26.05.2021,350,отчет,
"ООО ""ВКФ ""Алькада""",Сумська," Сумська обл., Роменський р-н, с. Овлаші,
башта ПрАТ «Київстар»",KHA ROM OVL,12.05.2021,2300,22.05.2021,350,отчет,
"ООО ""ВКФ ""Алькада""",Дніпропетрівська,"Базова станція UХ4616 за адресою:  
Дніпропетровська обл., Криворізький р-н, с. Шевченківське, вул. Софіївська, 20",UХ4616,18.05.2021,2300,31.05.2021,350,отчет,
"ООО ""АТМАКОМ""",Донецька ,"Донецька область, м.
Маріуполь, вул. Варшавська, територія ринку ",UD0670,21.05.2021,2500,03.06.2021,350,отчет,№4 2021
"ООО ""АТМАКОМ""",Донецька ,"Донецька обл., Волноваський р-н, с. Хлібодарівка",UD0646,23.05.2021,2500,03.06.2021,350,отчет,№4 2021
"ООО ""ВКФ ""Алькада""",Дніпропетрівська,"Dnipropetrovs'ka obl.,  Pokrovs'kyi r-n., Velykomykhailivka",DN4026,22.05.2021,2300,03.06.2021,350,отчет,
"ООО ""ВКФ ""Алькада""",Донецька ,"Донецкая обл., г. Мариуполь, ул. Таганрогское шоссе, 36, башня ПрАО ""ВФ Украина""",UD0654 ,17.05.2021,800,29.05.2021,350,доп,
"ООО ""АТМАКОМ""",Сумська,"Сумська обл., Кролевецький р-н, с. Литвиновичі, землевідведення. Власна вежа 70 м",US0679,21.05.2021,2500,03.06.2021,350,отчет,№4 2021
"ООО ""ВКФ ""Алькада""",Дніпропетрівська," Дніпропетровська обл., Павлоградський р-н, с. В'язівок ППР",DN2623,27.05.2021,1000,29.05.2021,350,доп,
"ООО ""ВКФ ""Алькада""",Дніпропетрівська,"Dnipropetrovs'ka obl.,  Pokrovs'kyi r-n., Velykomykhailivka",DN4026,30.05.2021,2300,09.06.2021,350,отчет,
"ООО ""ВКФ ""Алькада""",Івано-Франківська,"Івано-Франківська обл., Верховинський р-н, село
Верхній Ясенів, щогла Київстар",LVI VEH KST,31.05.2021,2300,11.06.2021,350,отчет,
"ООО ""ВКФ ""Алькада""",Івано-Франківська,"вано-Франківська обл., Косівський р-н, с. Брустурів ",LVI BRS KST,30.05.2021,2300,09.06.2021,350,отчет,
"ООО ""АТМАКОМ""",Донецька ,"Донецька обл., м. Маріуполь, вул. Волгоградська, 5
","UD0947
",01.06.2021,2500,25.06.2021,350,отчет,№5 2021
"ООО ""АТМАКОМ""", Харківська ,"м. Харків, вул. Польова, 44",UK3644,06.06.2021,2500,25.06.2021,350,отчет,№5 2021
"ООО ""АТМАКОМ""", Харківська ,"м. Харків, вул. Марка Вовчка, 6-В",UK3923,06.06.2021,2500,25.06.2021,350,отчет,№5 2021
"ООО ""ВКФ ""Алькада""",Донецька ,"Донецька область, м. Маріуполь, вул. шевченка, 1.",UD1956,04.06.2021,2300,15.06.2021,350,отчет,
"ООО ""ВКФ ""Алькада""",Донецька ,"Донецька обл., м. Краматорськ, вул. Паркова, 62, ПТУ 28
",UD0664,06.06.2021,2300,17.06.2021,350,отчет,
"ООО ""ВКФ ""Алькада""",Івано-Франківська,"Івано-Франківська обл., Верховинський р-н, с. Замагора",LVI ZAM KST,10.06.2021,2300,20.06.2021,350,отчет,
"ООО ""ВКФ ""Алькада""",Дніпропетрівська,"Dnipropetrovs'ka obl.,  Pokrovs'kyi r-n., Velykomykhailivka",DN4026,12.06.2021,3000,23.06.2021,350,КМ,
"ООО ""ВКФ ""Алькада""",Івано-Франківська,"Івано-Франківська, Надвірнянський р-н, с. Красна",LVI KRA KST,10.06.2021,2300,20.06.2021,350,отчет,
"ООО ""ВКФ ""Алькада""",Донецька ,"Донецька обл., м. Маріуполь, Володарське шосе, 1",UD1969,14.06.2021,2300,11.07.2021,350,отчет,
"ООО ""АТМАКОМ""",Запорізька ,"Запорізька обл., м. Бердянськ, вул. Причальна, 36",UZ2994,14.06.2021,2500,25.06.2021,350,отчет,№5 2021
"ООО ""АТМАКОМ""",Донецька ,"Донецька обл., м.
Маріуполь, прос.Миру, 147,",UD2961 ,17.06.2021,2500,25.06.2021,350,отчет,№5 2021
"ООО ""АТМАКОМ""",Донецька ,"Донецька обл., м. Маріуполь, вул. Шепотіленко, 6,",UD0772,16.06.2021,2500,25.06.2021,350,отчет,№5 2021
"ООО ""ВКФ ""Алькада""",Івано-Франківська,"вано-Франківська обл., Косівський р-н, с. Брустурів ",LVI BRS KST,10.06.2021,1000,23.06.2021,350,отчет,
"ООО ""АТМАКОМ""", Харківська ,"Харківська обл., м. Харків, вул. Роганська, 160",UK1705,06.07.2021,2500,23.07.2021,350,отчет,№6 2021
"ООО ""АТМАКОМ""",Запорізька ,"Запорізька обл., Приазовський р-н, с. Володимирівка",UZ3611,06.07.2021,2500,23.07.2021,350,отчет,№6 2021
"ООО ""АТМАКОМ""",Запорізька ,"Запорізька обл., Приморський р-н, с. Шевченко",UZ3613,06.07.2021,2500,23.07.2021,350,отчет,№6 2021
"ООО ""ВКФ ""Алькада""",Івано-Франківська,"вано-Франківська обл., Косівський р-н, с. Брустурів ",LVI BRS KST,14.07.2021,4000,19.08.2021,350,КМ,
"ООО ""ВКФ ""Алькада""", Харківська ,"Донецька обл. м. Маріуполь, вул. Далекосхідна, 53А",UD1985,16.07.2021,2300,01.08.2021,350,отчет,
"ООО ""ВКФ ""Алькада""", Харківська ,"Харківська обл., Ізюмський р-н, с. Оскіл",UK0667,11.07.2021,2300,18.07.2021,350,отчет,
"ООО ""ВКФ ""Алькада""", Харківська ,"Харківська обл., Барвінківський р-н, с. Мечебилове, вул. Лозівська",UK0671,11.07.2021,2300,19.07.2021,350,отчет,
"ООО ""ВКФ ""Алькада""",Полтавська ,Полтавська обл м. Полтава Вул.Небесної сотні 91,нет УЧН,18.07.2021,2300,04.08.2021,350,отчет,
"ООО ""ВКФ ""Алькада""", Харківська ,"Харківська обл., Ізюмський р-н, с. Довгеньке за межами населеного пункту",UK0695,14.07.2021,2300,22.07.2021,350,отчет,
"ООО ""ВКФ ""Алькада""", Харківська ,"Харківська обл., Первомайський р-н, с. Верхня Орілька, вул. Іваненко
",UK0700,14.07.2021,2300,26.07.2021,350,отчет,
"ООО ""ВКФ ""Алькада""", Харківська ,"Харківська обл., Дворічанський р-н, с. Кам'янка, вул. Серпова, 67",UK0712,14.07.2021,2300,26.07.2021,350,отчет,
"ООО ""ВКФ ""Алькада""",Дніпропетрівська,"Дніпропетровська обл., с. Жовті Bodи",DN3007,19.07.2021,2300,30.07.2021,350,отчет,
"ООО ""ВКФ ""Алькада""",Донецька ,"Донецька обл., м. Маріуполь, Володарське шосе, 1",UD1969,16.07.2021,2300,27.07.2021,350,отчет,
"ООО ""ВКФ ""Алькада""", Харківська ,"Харківська обл., Золочівський р-н,
с. Олександрівка, вул. Чадунелі",UK0760,28.07.2021,2300,14.08.2021,350,отчет,
"ООО ""ВКФ ""Алькада""", Харківська ,"Харківська обл., Харківський р-н, м. Мерефа, Залізничний тупик, 32»",UK0966,27.07.2021,2300,04.08.2021,350,отчет,
"ООО ""ВКФ ""Алькада""", Харківська ,"Харківська обл., Харківський р-н, смт Утківка,
вул. Слобожанська, 78»",UK0990,27.07.2021,2300,06.08.2021,350,отчет,
"ООО ""ВКФ ""Алькада""",Дніпропетрівська,"Дніпропетровська оол., Нежівський р-н, 
с. НовопііJгороіJнє, оашта ПрА Т ""ВФ Укра їна'",DN4044,18.07.2021,2300,29.07.2021,350,отчет,
"ООО ""АТМАКОМ""",Запорізька ,"м. Запоріжжя, вул. Адмірала Ушакова, 252”",UZ0752,22.07.2021,2500,30.07.2021,350,отчет,№7 2021
"ООО ""АТМАКОМ""",Запорізька ,"м. Запоріжжя, вул. Металургів, 32",UZ0987,22.07.2021,2500,30.07.2021,350,отчет,№7 2021
"ООО ""АТМАКОМ""",Запорізька ,"Запорізька обл., Василівський р-н, м. Дніпрорудне, вул. Ентузіастів, 17",UZ0833,22.07.2021,2500,30.07.2021,350,отчет,№7 2021
"ООО ""АТМАКОМ""",Запорізька ,"Запорізька обл., м. Вільнянськ, вул. Бочарова, 16",UZ0962,22.07.2021,2500,30.07.2021,350,отчет,№7 2021
"ООО ""АТМАКОМ""",Запорізька ,"м. Запоріжжя, вул. Лассаля, 52А(Щогла Водафон)",UZ2928,22.07.2021,2500,30.07.2021,350,отчет,№7 2021
"ООО ""ВКФ ""Алькада""",Донецька ,"Донецька обл., м. Святогірськ, вул. Островського, 9
",UD0905,28.07.2021,2300,12.08.2021,350,отчет,
"ООО ""ВКФ ""Алькада""", Харківська ,"Харківська обл., м. Ізюм ",KH0638,28.07.2021,2300,12.08.2021,350,отчет,
"ООО ""АТМАКОМ""",Запорізька ,"Запорізька обл., Якимівський р-н, смт. Кирилівка, вул. Коса Федотова, р-н б/в
Радісна, вежа Водафон",UZ2977,01.08.2021,2500,13.08.2021,350,отчет,№7 кор 2021
"ООО ""АТМАКОМ""",Запорізька ,"м. Запоріжжя, вул. Пархоменка, 24 б",UZ0986,01.08.2021,2500,13.08.2021,350,отчет,№7 кор 2021
"ООО ""АТМАКОМ""",Запорізька ,"м. Запоріжжя, вул. Бочарова, 1",UZ0999,01.08.2021,2500,13.08.2021,350,отчет,№7 кор 2021
"ООО ""АТМАКОМ""",Запорізька ,"м. Запоріжжя, вул. Юності, 70А",UZ1725,01.08.2021,2500,13.08.2021,350,отчет,№7 кор 2021
"ООО ""АТМАКОМ""",Запорізька ,"Запорізька обл., Васильківский р-н, м. Дніпрорудне, вул. Ентузіастів, 16",UZ1953,01.08.2021,2500,13.08.2021,350,отчет,
"ООО ""ВКФ ""Алькада""",Івано-Франківська,"вано-Франківська обл., Косівський р-н, с. Брустурів ",LVI BRS KST,03.08.2021,1650,19.08.2021,350,доп,
"ООО ""ВКФ ""Алькада""", Харківська ,"Харківська обл., м. Люботин,
вул. Слобожанська, 32,",UK3620,05.08.2021,2300,16.08.2021,350,отчет,
"ООО ""АТМАКОМ""",Сумська,"Сумська обл., м. Ромни, вул. Київська, 31-K",US0879,06.08.2021,2500,26.08.2021,350,отчет,№8 2021
"ООО ""АТМАКОМ""",Сумська,"м. Суми, вул. Володимирська, 14а",US0908,06.08.2021,2500,26.08.2021,350,отчет,№8 2021
"ООО ""ВКФ ""Алькада""", Харківська ,"Харківська обл., м. Харків, вул. Морозова, 3а
",UK0887,10.08.2021,2300,22.08.2021,350,отчет,
"ООО ""ВКФ ""Алькада""", Харківська ,"м. Харків, вул. Луї Пастера, 264
",UK3735,09.08.2021,2300,21.08.2021,350,отчет,
"ООО ""АТМАКОМ""",Сумська,"Сумська обл., м. Конотоп, вул. Батуринська, 10",US1913,12.08.2021,2500,26.08.2021,350,отчет,№8 2021
"ООО ""АТМАКОМ""",Сумська,"СУМСКАЯ ОБЛ., Г. КОНОТОП, УЛ. М. НЕМОЛОТА",US2992,12.08.2021,2500,26.08.2021,350,отчет,№8 2021
"ООО ""АТМАКОМ""",Сумська,"м. Суми, вул. Володимирська, 14а",US0894,12.08.2021,2500,26.08.2021,350,отчет,№8 2021
"ООО ""ВКФ ""Алькада""",Івано-Франківська,"Івано-Франківська обл., Верховинський р-н, с. Замагора",LVI ZAM KST,16.08.2021,4000,09.09.2021,350,КМ,
"ООО ""ВКФ ""Алькада""", Харківська ,"м. Харків, просп. Московський, 257
",UK0922,16.08.2021,2300,26.08.2021,350,отчет,
"ООО ""ВКФ ""Алькада""", Харківська ,"""Харківська обл., м. Харків, вул. Морозова, 3а
""",UK1700,16.08.2021,2300,31.08.2021,350,отчет,
"ООО ""ВКФ ""Алькада""",,АМС ЛАЙФ  24 м на 3 я №1,,24.08.2021,2300,03.09.2021,350,отчет,
"ООО ""ВКФ ""Алькада""",,АМС ЛАЙФ  24 м на 3 я №2,,24.08.2021,2300,07.09.2021,350,отчет,
"ООО ""АТМАКОМ""",Запорізька ,"Запорізька обл., Якимівський р-н, с. Вовчанське, вул. Піонерська, 23",UZ3624,19.08.2021,2500,08.10.2021,350,отчет,№11 2021
"ООО ""АТМАКОМ""",Запорізька ,"Запорізька обл., Бердянський р-н, с. Нововасилівка",UZ3614,19.08.2021,2500,08.10.2021,350,отчет,№12 2021
"ООО ""АТМАКОМ""",Донецька ,"Донецька обл., м. Маріуполь, вул. Будівельників, 60",UD1957,24.08.2021,2500,08.10.2021,350,отчет,№9 2021
"ООО ""АТМАКОМ""", Харківська ,"м. Харків, вул. Різдвяна, 33",UK1773,24.08.2021,2500,08.10.2021,350,отчет,№9 2021
"ООО ""АТМАКОМ""", Харківська ,"м. Харків, вул. Героїв Праці, 9",UK2745,24.08.2021,2500,08.10.2021,350,отчет,№9 2021
"ООО ""ВКФ ""Алькада""",Донецька ,"Донецкая обл., г. Мариуполь, пр. Мира, 80",UD1832,25.08.2021,2300,31.08.2021,350,отчет,
"ООО ""ВКФ ""Алькада""",,АМС ЛАЙФ  24 м на 2 я №3,,30.08.2021,2300,17.09.2021,350,отчет,
"ООО ""ВКФ ""Алькада""",,АМС ЛАЙФ  24 м на 2 я №4,,30.08.2021,2300,17.09.2021,350,отчет,
"ООО ""ВКФ ""Алькада""",Дніпропетрівська,"Дніпропетровська обл.,
м. Нікополь, вул. Гагаріна, 85А",DNE NIK HOT,01.09.2021,2300,21.09.2021,350,отчет,
"ООО ""ВКФ ""Алькада""",Донецька ,"Донецька обл., Першотравневий р-н, смт. Мангуш, вул. Поштова, 14 ""А"", башта УРС
",UD2784,30.08.2021,2300,18.09.2021,350,отчет,
"ООО ""АТМАКОМ""",Сумська,"Сумська обл., Краснопільський р-н, с. Грабовське, господарчий двір,
землевідведення. Власна опора",US0682,03.09.2021,2500,08.10.2021,350,отчет,№10 2021
"ООО ""АТМАКОМ""",Сумська,"Сумська обл., м. Шостка, вул. Садовий бульвар, 1",US0694,06.09.2021,2500,08.10.2021,350,отчет,№10 2021
"ООО ""АТМАКОМ""",Сумська,"Сумська обл., Недригайлівський р-н, с. Коровинці",US0720,06.09.2021,2500,08.10.2021,350,отчет,№10 2021
"ООО ""АТМАКОМ""",Сумська,"Сумська обл., м. Суми, вул. Гайова, землевідведення",US0849,03.09.2021,2500,25.10.2021,350,отчет,№10 2021
"ООО ""АТМАКОМ""",Сумська,"Сумська обл., м. Шостка, вул. Молодіжна, 14",US1856,06.09.2021,2500,25.10.2021,350,отчет,№10 2021
"ООО ""ВКФ ""Алькада""",Запорізька ,"Запорізька обл., Бердянський р-н, с. Нововасилівка ",ZA9081,06.09.2021,2300,21.09.2021,350,отчет,
"ООО ""ВКФ ""Алькада""",Луганська ,"Луганська обл., Сєверодонецький р-н,
м.Сєверодонецьк, вул. Вілісова, 7",DON SEV VLS,06.09.2021,2300,23.09.2021,350,отчет,
"ООО ""ВКФ ""Алькада""",Донецька ,"Донецька обл., Краматорський р-н,
м.Краматорськ, вул. Олекси Тихого, 5",DON KRM MDC ,09.09.2021,2300,23.09.2021,350,отчет,
"ООО ""ВКФ ""Алькада""",Запорізька ,"Запорізька обл., Бердянськuu р-н, 
с. ДмumріВка ",ZA9090,09.09.2021,2300,26.09.2021,350,отчет,
"ООО ""АТМАКОМ""", Харківська ,"м. Харків, вул. Кривомазівська, 59",UK0773,19.09.2021,2500,25.10.2021,350,отчет,№10 2021
"ООО ""ВКФ ""Алькада""",Донецька ,"Донецька область, м. Маріуполь, вул. Азовстальська, 13-а",UD2755,22.09.2021,2300,05.10.2021,350,отчет,
"ООО ""ВКФ ""Алькада""",Сумська,"Сумська обл., Сумський р-н, м.Суми, вул. Ковпака,22, ",KHA SUM ODB,19.09.2021,2600,30.09.2021,350,отчет,
"ООО ""ВКФ ""Алькада""",Донецька ,"Запорізька обл., Мелітопольський р-н, смт. Мирне, вул. Паркова",ZA2447,21.09.2021,2300,01.10.2021,350,отчет,
"ООО ""ВКФ ""Алькада""",Донецька ,"Донецька обл., Нікольський р-н, с. Бойове, агроцех №38  ""ММК ім. Илліча""",DON BOY AGR,23.09.2021,2600,05.10.2021,350,отчет,
"ООО ""АТМАКОМ""",Сумська,"Сумська обл., Роменський р-н, м. Ромни, вул. 9 травня, 22",US0810,24.09.2021,2500,25.10.2021,350,отчет,№10 2021
"ООО ""АТМАКОМ""",Донецька ,"Донецька обл., Мар'їнський р-н, с. Новомихайлівка, башта ПрАТ ""ВФ Україна""",UD0730,28.09.2021,2500,25.10.2021,350,отчет,№10 2021
"ООО ""АТМАКОМ""",Донецька ,"Донецька обл., м. Маріуполь,
пл. Машинобудівельників, 1, ВАТ ""Азов"", будівля
заводоуправління",UD0834,01.10.2021,2500,25.10.2021,350,отчет,№10 2021
"ООО ""ВКФ ""Алькада""",Запорізька ,"м. Запоріжжя, вул. Військбуд, котельна","UZ0823
",26.09.2021,2300,07.10.2021,350,отчет,
"ООО ""ВКФ ""Алькада""",Запорізька ,"Запорізька обл., м. Мелітополь, пр-кт Богдана Хмельницького, 88","UZ0826
",03.10.2021,2300,12.10.2021,350,отчет,
"ООО ""ВКФ ""Алькада""",Запорізька ,"м. Запоріжжя, вул. 8 Березня, ЗОРТПЦ","UZ1807
",30.09.2021,2300,09.10.2021,350,отчет,
"ООО ""ВКФ ""Алькада""",Донецька ,"Донецька обл., Слов'янський р-н, траса Харків-Ростов 689км, власна башта",UD0698,03.10.2021,2300,12.10.2021,350,отчет,
"ООО ""ВКФ ""Алькада""",Запорізька ,"м. Запоріжжя, вул. В.Лобановського, 30",UZ0909,05.10.2021,2300,14.10.2021,350,отчет,
"ООО ""ВКФ ""Алькада""",Запорізька ,"м. Запоріжжя, пр. Моторобудівників, 190",UZ0849,11.10.2021,2300,19.10.2021,350,отчет,
"ООО ""ВКФ ""Алькада""",Запорізька ,"м. Запоріжжя, вул. Розенталь, 5/2”",UZ3814,05.10.2021,2300,14.10.2021,350,отчет,
"ООО ""ВКФ ""Алькада""",Донецька ,"Донецька обл., Покровський р-н, м.Добропілля, пр-т
Перемоги,2, щогла КС",DON DOB KST,07.10.2021,2600,15.10.2021,350,отчет,
"ООО ""ВКФ ""Алькада""",Донецька ,"Донецкая обл., Покровский р-н, г. Авдеевка, 9-й квартал, д. 26,
теплопункт №3",DON AVD 9KV,08.10.2021,2600,17.10.2021,350,отчет,
"ООО ""ВКФ ""Алькада""",Донецька ,"Донецкая обл., Краматорский р-н, г. Славянск, ул. Науки, д. 2",DON SLA NAU,08.10.2021,2600,17.10.2021,350,отчет,
"ООО ""ВКФ ""Алькада""",Донецька ,"Донецкая обл., Краматорский р-н, г. Славянск, ул. Науки, д. 2",DON SLA NAU,16.11.2021,1200,24.11.2021,350,доп,
"ООО ""Люм’єр Україна""",Дніпропетрівська,18 м Елка  в Кривом Рогу. ,Елка,04.10.2021,5000,08.10.2021,350,отчет,
Конструктор Люмьер,Київська,"«Тіньовий навіс в місті Київ"" для КАН",Навіс ,04.10.2021,15000,12.10.2021,350,отчет,
"ООО ""Люм’єр Україна""",Дніпропетрівська,20 м Елка  в Днепре,Елка,11.10.2021,5000,12.10.2021,350,отчет,
"ООО ""ВКФ ""Алькада""",Запорізька ,"м. Запоріжжя, вул. Софіївська, 220-А",UZ 0981,17.10.2021,2300,24.10.2021,350,отчет,
"ООО ""ВКФ ""Алькада""",Запорізька ,"Запорізька обл., м. Мелітополь, вул. Університетська, 5/1",UZ 1844,17.10.2021,2300,24.10.2021,350,отчет,
"ООО ""ВКФ ""Алькада""",Запорізька ,"м. Запоріжжя, перехрестя просп. Юбилейний - вул. Запорізького козацтва",UZ 4815,17.10.2021,2300,24.10.2021,350,отчет,
"ООО ""ВКФ ""Алькада""",Запорізька ,"м. Запоріжжя, вул. Шкільна, 2",UZ3881,14.10.2021,2300,19.10.2021,350,отчет,
"ООО ""АТМАКОМ""",Донецька ,"Донецька обл., м. Маріуполь, вул. Георгієвська, 79",UD0984,12.10.2021,2500,23.11.2021,350,отчет,№13 2021
"ООО ""АТМАКОМ""",Донецька ,"Донецька обл., м. Маріуполь, вул.
Миколаївська, 89”",UD2900,14.10.2021,2500,23.11.2021,350,отчет,№13 2021
"ООО ""ВКФ ""Алькада""",Донецька ,"Луганская обл., Счастинский р-н, пгт.Новоайдар, ул. Великий
Шлях, д. 42, ПАО ""СПХ Агротон""",DON NOV ELE,13.10.2021,2600,20.10.2021,350,отчет,
"ООО ""ВКФ ""Алькада""",Донецька ,"Луганская обл., Г. Лисичанск, ул. Московская,167, ресторан
«Андріатика»",DON LIS MSK,13.10.2021,2600,20.10.2021,350,отчет,
"ООО ""ВКФ ""Алькада""",Донецька ,"Донецька обл., м. Маріуполь, вул.Олімпійська, 11 ",UD0954,17.10.2021,2300,24.10.2021,350,отчет,
"ООО ""ВКФ ""Алькада""",Запорізька ,"м. Запоріжжя, вул. Воронезька, 12а",UZ0741,21.10.2021,2300,30.10.2021,350,отчет,
"ООО ""ВКФ ""Алькада""",Запорізька ,"м. Запоріжжя, вул. Узбекистанська, 5",UZ3973,24.10.2021,2300,02.11.2021,350,отчет,
"ООО ""ВКФ ""Алькада""",Запорізька ,"Запорізька обл., м. Мелітополь, за межами міста, технічний
майданчик військового містечка №3",UZ0934,24.10.2021,2300,02.11.2021,350,отчет,
"ООО ""ВКФ ""Алькада""",Запорізька ,"Запорізька обл.,
м. Мелітополь, вул. Івана Алексєєва, 9",UZ0930,26.10.2021,2300,02.11.2021,350,отчет,
"ООО ""ВКФ ""Алькада""",Запорізька ,"м. Запоріжжя, вул. Виробнича, 11а",UZ0700,24.10.2021,2300,02.11.2021,350,отчет,
"ООО ""ВКФ ""Алькада""",Запорізька ,"Запорізька обл., м. Запоріжжя , Донецьке шосе, 6",UZ0707,24.10.2021,2300,02.11.2021,350,отчет,
"ООО ""ВКФ ""Алькада""",Донецька ,"Донецька обл., м. Красноармійськ, вул. Лізи Чайкіної, 1, база 
комунального підприємства. ",DON KRS LCH,21.10.2021,2600,30.10.2021,350,отчет,
"ООО ""ВКФ ""Алькада""",,Квадрапод 6 м ,,27.10.2021,2300,03.11.2021,350,отчет,
"ООО ""ВКФ ""Алькада""",Донецька ,"Донецька обл., Першотравневий р-н, дорога М14, житловий кооператив ""Парус"", мет. монополь ПрАТ ""Київстар""",DON PAR KST,29.10.2021,2600,05.11.2021,350,отчет,
"ООО ""ВКФ ""Алькада""",Донецька ,"Харківська область, 1-а Тракторна 12, вежа ПрАТ ""Київстар""",KHA KHA TRA,28.10.2021,2600,05.11.2021,350,отчет,
"ООО ""ВКФ ""Алькада""",Полтавська ,"Полтавська обл., Новосанжарський р-н, с. Руденківка",PO2691,30.10.2021,2300,05.11.2021,350,отчет,
"ООО ""ВКФ ""Алькада""",Донецька ,Донецька обл с Залізне,DO2257,30.10.2021,2300,05.11.2021,350,отчет,
"ООО ""ВКФ ""Алькада""",Запорізька ,"м. Запоріжжя, вул. Руставі, 1-Д",UZ0723,30.10.2021,2300,07.11.2021,350,отчет,
"ООО ""ВКФ ""Алькада""",Запорізька ,"Запорізька обл., м. Запоріжжя , вул. Історична, 39",UZ0744,30.10.2021,2300,07.11.2021,350,отчет,
"ООО ""ВКФ ""Алькада""",Запорізька ,"Запорізька обл., м. Запоріжжя, вул. Сергія Синенко, 63а",UZ0810,30.10.2021,2300,07.11.2021,350,отчет,
"ООО ""ВКФ ""Алькада""",Запорізька ,"Запорізька обл., м. Запоріжжя, вул. Краснова, 1а",UZ0818,30.10.2021,2300,07.11.2021,350,отчет,
"ООО ""ВКФ ""Алькада""",Полтавська ,"Полтавская обл., г. Кременчуг, ул. Целиноградская, 3а, хлебозавод",DO2036,02.11.2021,2300,10.11.2021,350,отчет,
"ООО ""ВКФ ""Алькада""",Запорізька ,"м. Запоріжжя,
вул. Спартака Маковського,9",UZ0994,03.11.2021,2300,10.11.2021,350,отчет,
"ООО ""ВКФ ""Алькада""",Запорізька ,"м. Запоріжжя, вул. Героїв 55-ої бригади, 3",UZ1914,04.11.2021,2300,11.11.2021,350,отчет,
"ООО ""АТМАКОМ""", Харківська ,"Харківська обл., Валківський р-н, м. Валки, пл. Центральна, 2 а",UK3826,07.11.2021,2500,25.11.2021,350,отчет,№13 2021
"ООО ""АТМАКОМ""", Харківська ,"Харківська обл., Вовчанський р-н., с. Верхній Салтів, вул. Шевченка",UK1967,07.11.2021,2500,25.11.2021,350,отчет,№13 2021
"ООО ""ВКФ ""Алькада""",Донецька ,"Донецька обл.,Покровський р-н, м.Добропілля, вул. Гагарина, 38, Укрпошта",DON DOB PST,05.11.2021,2600,12.11.2021,350,отчет,
"ООО ""ВКФ ""Алькада""",Запорізька ,"Запорізька обл., м. Мелітополь, вул. Героїв України, 42",UZ0731,09.11.2021,2300,16.11.2021,350,отчет,
"ООО ""ВКФ ""Алькада""",Запорізька ,"Запорізька обл., м.
Мелітополь, вул. Інтеркультурна, 172/1",UZ0732,07.11.2021,2300,16.11.2021,350,отчет,
"ООО ""ВКФ ""Алькада""",Запорізька ,"Запорізька обл., м. Мелітополь, вул. Гоголя, 136-А",UZ0733,09.11.2021,2300,16.11.2021,350,отчет,
"ООО ""ВКФ ""Алькада""",Запорізька ,"Запорізька обл., м. Мелітополь, вул. Героїв України, 53",UZ0751,10.11.2021,2300,18.11.2021,350,отчет,
"ООО ""ВКФ ""Алькада""",Запорізька ,"Запорізька обл., Мелітопольський р-н, с. Вознесенка,
вул. Зубенка",UZ0951,12.11.2021,2300,18.11.2021,350,отчет,
"ООО ""ВКФ ""Алькада""",Запорізька ,"м. Запоріжжя, вул. Запорізького козацтва, 21а",UZ0972,12.11.2021,2300,18.11.2021,350,отчет,
"ООО ""ВКФ ""Алькада""",Запорізька ,"м. Запоріжжя, Оріхівське шосе, 14",UZ0922,16.11.2021,2300,24.11.2021,350,отчет,
"ООО ""ВКФ ""Алькада""",Запорізька ,"Запорізька обл., м. Токмак, вул. Володимирська, 19",UZ 0899,17.11.2021,2300,24.11.2021,350,отчет,
"ООО ""ВКФ ""Алькада""",Запорізька ,"Запорізька обл., м.
Мелітополь, вул. Брів-ла-Гайард, 2",UZ0828,21.11.2021,2300,29.11.2021,350,отчет,
"ООО ""ВКФ ""Алькада""",Дніпропетрівська,"Дніпропетровська обл., Царичанський р-н, с. Бабайківка, вежа ТОВ ""УкрТауер""
",DNE BBK UKT,23.11.2021,2300,30.11.2021,350,отчет,
"ООО ""Люм’єр Україна""",Дніпропетрівська,8 м Елка  в Кривом Роге,Елка,10.11.2021,5000,18.11.2021,350,отчет,
"ООО ""ВКФ ""Алькада""",,"Проверочный расчет для металлического монополя 20,3 м (МТС,   .)",,14.11.2021,2600,23.11.2021,350,отчет,
"ООО ""ВКФ ""Алькада""",Запорізька ,"Запорізька обл., с Залізничне, вул Матросова , 2",ZA2429,21.11.2021,2300,29.11.2021,350,отчет,
"ООО ""ВКФ ""Алькада""",,перерасчет мачты 24 3-х гранка 3 яруса КМ32168д1 ,,06.12.2021,2600,14.12.2021,350,отчет,
"ООО ""ВКФ ""Алькада""",,перерасчет мачты 24 4 грани 2 яруса КМ32168д1 ,,06.12.2021,2600,14.12.2021,350,отчет,
"ООО ""ВКФ ""Алькада""",Запорізька ,"Запорізька обл., Запорізький р-н, с. Привітне, вежа ПрАТ ""ВФ Україна""",UZ3737,14.11.2021,2600,23.11.2021,350,отчет,
"ООО ""АТМАКОМ""",Луганська ,"Луганська обл., Новоайдарський р-н, с. Смолянинове, земельна ділянка",UG0600,17.11.2021,2300,24.12.2021,350,отчет,№13 2021
"ООО ""АТМАКОМ""", Харківська ,"м. Харків, вул. Рибалко, 12",UK3732,17.11.2021,2300,24.12.2021,350,отчет,№13 2021
"ООО ""ВКФ ""Алькада""",Полтавська ,"Полтавська обл., м. Полтава, вул. Лисенка, 34",KHA POL LYS ,24.11.2021,2600,02.12.2021,350,отчет,
"ООО ""ВКФ ""Алькада""",Запорізька ,"Запорізька обл.,  Мелітопольський р-н, с. Астраханка , вул. Заводська",ZA2238,29.11.2021,2300,07.12.2021,350,отчет,
"ООО ""ВКФ ""Алькада""",Дніпропетрівська,"Дніпропетровська обл., Криничанський р-н, с. Адамівка, вул. Радгоспна, щогла ТОВ ""УкрТауер""",DNE ADM UKT,19.11.2021,2600,28.11.2021,350,отчет,
"ООО ""АТМАКОМ""",Дніпропетрівська,"Дніпропетровська обл., Новомосковський р-н,
а/д сат 008-Піщанка км 0, база відпочинку ""Гудзон""",UX2883,25.11.2021,2300,02.12.2021,350,отчет,
"ООО ""АТМАКОМ""",Дніпропетрівська,"Дніпропетровська обл., Дніпровський р-н, с. Миколаївка,
Автошлях М04, вежа ПрАТ «ВФ Україна».",UX3998,30.11.2021,2300,02.12.2021,350,отчет,
"ООО ""ВКФ ""Алькада""",Запорізька ,"Запорізька обл., Бердянський р-н, с. Червоне Поле, вул. Центральна, 111а",UZ0662,27.11.2021,2300,04.12.2021,350,отчет,
"ООО ""ВКФ ""Алькада""",Запорізька ,"Запорізька обл., м. Запоріжжя, вул. Чумаченка, 32",UZ0978,01.12.2021,2300,09.12.2021,350,отчет,
"ООО ""ВКФ ""Алькада""",Запорізька ,"м. Запоріжжя, вул. Козака Бабури, 9",UZ1911,02.12.2021,2300,14.12.2021,350,отчет,
"ООО ""ВКФ ""Алькада""",Запорізька ,"м. Запоріжжя, вул. Автозаводська, 50",UZ3878,27.11.2021,2300,09.12.2021,350,отчет,
"ООО ""ВКФ ""Алькада""",Кіровоградська,"Кіровоградська обл., Знам'янський р-н, с. Суботці",DNE SUB TOW,13.12.2021,2600,20.12.2021,350,отчет,
"ООО ""ВКФ ""Алькада""",Дніпропетрівська,"Дніпропетровська область, Синельниківський район,
с. Григорівка, вул. Полторацького, 123",DN4031,29.11.2021,2600,06.12.2021,350,отчет,
"ООО ""ВКФ ""Алькада""",Дніпропетрівська,"""Дніпропетровська область, Синельниківський район,
с. Григорівка, вул. Полторацького, 123""",DN9062,21.11.2021,2600,29.11.2021,350,отчет,
"ООО ""ВКФ ""Алькада""",Донецька ,"Донецкая обл., г. Мариуполь, ул. Таганрогское шоссе, 36, башня ПрАО ""ВФ Украина""",UD0654 ,06.12.2021,2300,14.12.2021,350,ПУ,
"ООО ""ВКФ ""Алькада""",,Проверочный перерасчет мачты 36 м с земли (КМ МСТ-36-L-4 2021),,28.12.2021,2300,04.01.2022,350,отчет,
"ООО ""ВКФ ""Алькада""",Запорізька ,"Запорізька обл., м. Запоріжжя, пр. Моторобудівників, 15",UZ0753,07.12.2021,2300,15.12.2021,350,отчет,
"ООО ""ВКФ ""Алькада""",Запорізька ,"Запоріжжя, вул. Олімпійська, 26а",UZ0819,07.12.2021,2300,15.12.2021,350,отчет,
"ООО ""ВКФ ""Алькада""",Запорізька ,"Запорізька обл., Вільнянський р-н., с. Вільноандріївка,
пров.Робітничий, 4",UZ0961,09.12.2021,2300,17.12.2021,350,отчет,
"ООО ""ВКФ ""Алькада""",Запорізька ,"м. Запоріжжя, вул. Олексія Поради, 54",UZ0924,14.12.2021,2300,21.12.2021,350,отчет,
"ООО ""ВКФ ""Алькада""",Запорізька ,"Запорізька обл., Якимівський р-н, смт. Кирилівка, санаторій
""Кирилівка""",UZ0827,13.12.2021,2300,20.12.2021,350,отчет,
"ООО ""ВКФ ""Алькада""",Запорізька ,"м. Запоріжжя, о. Хортиця, санаторно-профілактичний комплекс ""Чайка""",UZ3817,17.12.2021,2300,24.12.2021,350,отчет,
"ООО ""ВКФ ""Алькада""",Запорізька ,"м.Запоріжжя, вул. Вишнева, ГК «Дніпро»",UZ3826,17.12.2021,2300,24.12.2021,350,отчет,
"ООО ""ВКФ ""Алькада""",Запорізька ,"Запорізька обл., м. Запоріжжя, вул. Глісерна, 21",UZ3989,20.12.2021,2300,25.12.2021,350,отчет,
"ООО ""ВКФ ""Алькада""",Запорізька ,"Запорізька обл. смт Чернігівка вул. Ключова,2",UZ0776,20.12.2021,2300,25.12.2021,350,отчет,
"ООО ""ВКФ ""Алькада""",Запорізька ,"Запорізька обл., м. Запоріжжя, вул. Павлокічкаська, 15",UZ0808,04.01.2022,2300,11.01.2022,350,отчет,
"ООО ""ВКФ ""Алькада""",Запорізька ,"м. Запоріжжя, вул. Електрозаводська, 3",UZ0813,23.12.2021,2300,30.12.2021,350,отчет,
"ООО ""ВКФ ""Алькада""",Запорізька ,"м. Запоріжжя, пр. Соборний, 75",UZ0815,20.12.2021,2300,27.12.2021,350,отчет,
"ООО ""ВКФ ""Алькада""",Запорізька ,"Запорізька обл., Василівський р-н, с. Мала Білозерка,
Веселівське шосе, ЗАТ “ЗЗК”",UZ1645,04.01.2022,2300,11.01.2022,350,отчет,
"ООО ""ВКФ ""Алькада""", Харківська ,"Харківська обл., Куп’янський р-н, с. Глушківка, вул. Миру",UK0697,08.01.2022,2300,16.01.2022,350,отчет,
"ООО ""ВКФ ""Алькада""", Харківська ,"Харківська обл., Ізюмський р-н, с. Подвисоке, вул. Лісна, 8А",UK0672,06.01.2022,2300,14.01.2022,350,отчет,
"ООО ""ВКФ ""Алькада""", Харківська ,"Харківська обл., Шевченківський р-н, сел. Борівське, вул. Постишева, 18А",UK0726,26.01.2022,2300,03.02.2022,350,отчет,
"ООО ""ВКФ ""Алькада""",Запорізька ,"Запорізька обл., с. Новотаврициске, вул Шкільна 27в/1",ZA2102,03.01.2022,2300,10.01.2022,350,отчет,
"ООО ""ВКФ ""Алькада""",Запорізька ,"м. Запоріжжя, вул. 12 Квітня, 78",UZ3795,05.01.2022,2300,11.01.2022,350,отчет,
"ООО ""ВКФ ""Алькада""",Запорізька ,"Запорізька обл., , Попогiбськuu p-н село Мала Токмачка",ZA2103,04.01.2022,2300,11.01.2022,350,отчет,
"ООО ""ВКФ ""Алькада""",Запорізька ,"Запорізька обл., Запорізький р-н, с. Балабине, вул. Дружби, 7а",UZ0991,28.12.2021,2300,04.01.2022,350,отчет,
"ООО ""ВКФ ""Алькада""",Запорізька ,"м. Запоріжжя, вул. Космічна, 129",UZ0719,30.12.2021,2300,07.01.2022,350,отчет,
"ООО ""ВКФ ""Алькада""",Запорізька ,"м. Запоріжжя, вул. Космічна, 121",UZ0851,30.12.2021,2300,07.01.2022,350,отчет,
"ООО ""ВКФ ""Алькада""",Сумська,"Сумська обл., Тростянецький р-н, с. Боромля, вежа ПрАТ ""ВФ Україна""",SU0382,22.12.2021,2600,29.12.2021,350,отчет,
"ООО ""ВКФ ""Алькада""",Запорізька ,"м. Запоріжжя, вул. Моторобудівників, 55",UZ0747,08.01.2022,2300,16.01.2022,350,отчет,
"ООО ""АТМАКОМ""",Донецька ,"Донецька обл., Великоновосілківський р-н, с. Красна Поляна, вул. Степна, 1",UD0701,26.12.2021,2300,29.12.2021,350,отчет,
"ООО ""Люм’єр Україна""",Дніпропетрівська,18 м Елка  в Кривом Рогу.  додатковий  розрахунок відтяжок 8 шт  та надання рекомендацій по конструкціям вантових елементів.,Елка,04.01.2022,3000,24.12.2021,350,отчет,
"ООО ""Люм’єр Україна""",Дніпропетрівська,18 м Елка  в Кривом Рогу.  додатковий  розрахунок відтяжок 4 шт  та надання рекомендацій по конструкціям вантових елементів.,Елка,04.01.2022,1500,24.12.2021,350,отчет,
"ООО ""Люм’єр Україна""",Дніпропетрівська,20 м Елка  в Днепре додатковий  розрахунок відтяжок 8 шт  та надання рекомендацій по конструкціям вантових елементів.,Елка,04.01.2022,3000,24.12.2021,350,отчет,
"ООО ""Люм’єр Україна""",Дніпропетрівська,20 м Елка  в Днепре додатковий  розрахунок відтяжок 4 шт  та надання рекомендацій по конструкціям вантових елементів.,Елка,04.01.2022,1500,24.12.2021,350,доп,
"ООО ""Люм’єр Україна""",Донецька ,"14,5 м Елка  в Мариуполе додатковий  розрахунок відтяжок 8 шт  та надання рекомендацій по конструкціям вантових елементів.",Елка,04.01.2022,3000,24.12.2021,350,отчет,
"ООО ""Люм’єр Україна""",Донецька ,"14,5 м Елка  в Мариуполе додатковий  розрахунок відтяжок та надання рекомендацій по конструкціям вантових елементів.",Елка,04.01.2022,2500,24.12.2021,350,отчет,
"ООО ""ВКФ ""Алькада""",Запорізька ,"Запорізька обл., м. Токмак, вул. Гвардійська 15Б",ZA0159,29.12.2021,2300,07.01.2022,350,отчет,
"ООО ""ВКФ ""Алькада""",Луганська ,"Луганська обл., Біловодський р-н, с. Шуліківка, земельна ділянка,
з метою встановлення додаткового антенно-фідерного
обладнання ПрАТ «Київстар»",UG0625,09.01.2022,2300,18.01.2022,350,отчет,
"ООО ""ВКФ ""Алькада""",Дніпропетрівська,18 м Елка  в Кривом Рогу.  додатковий  розрахунок відтяжок 4 шт  та надання рекомендацій по конструкціям вантових елементів.,Елка,10.01.2022,2300,22.01.2022,350,отчет,
"ООО ""ВКФ ""Алькада""",Дніпропетрівська,20 м Елка  в Днепре додатковий  розрахунок відтяжок 8 шт  та надання рекомендацій по конструкціям вантових елементів.,Елка,09.01.2022,2300,18.01.2022,350,отчет,
"ООО ""ВКФ ""Алькада""",Донецька ,"14,5 м Елка  в Мариуполе додатковий  розрахунок відтяжок 8 шт  та надання рекомендацій по конструкціям вантових елементів.",Елка,12.01.2022,2300,22.01.2022,350,отчет,
"ООО ""ВКФ ""Алькада""",Луганська ,"Луганська обл., Біловодський район,
с. Бараниківка, мікроретранслятор",UG0918 ,23.01.2022,2300,01.02.2022,350,отчет,
"ООО ""ВКФ ""Алькада""",Запорізька ,"м. Запоріжжя, вул. Незалежної України, 56а",UZ0728,14.01.2022,2300,22.01.2022,350,отчет,
"ООО ""Люм’єр Україна""",Запорізька ,Запорожье,Елка,17.01.2022,5000,22.01.2022,350,отчет,
"ООО ""ВКФ ""Алькада""",Запорізька ,"Запорізька обл., м. Приморськ, база відпочинку",UZ1528,18.01.2022,2300,26.01.2022,350,отчет,
"ООО ""ВКФ ""Алькада""",Луганська ,"Луганська обл., Станично-Луганський р-н, с. Передільське, вул. Леніна, Будинок Культури",UG0613,21.01.2022,2300,29.01.2022,350,отчет,
"ООО ""ВКФ ""Алькада""",Луганська ,"Луганська обл., Марківський р-н, с. Бондарівка, вул. Леніна,  котельня",UG0635,13.01.2022,2300,22.01.2022,350,отчет,
"ООО ""ВКФ ""Алькада""",Луганська ,"Луганська обл., Станично-Луганський р-н, с. Сотенне",UG0674,23.01.2022,2300,01.02.2022,350,отчет,
"ООО ""ВКФ ""Алькада""",Запорізька ,"Запорізька обл., м. Мелітополь, пр. 50-річча Перемоги, 25",UZ0932,25.01.2022,2300,02.02.2022,350,отчет,
"ООО ""ВКФ ""Алькада""",Запорізька ,"м. Запоріжжя, вул. Республіканська, 200",UZ0837,24.01.2022,2300,01.02.2022,350,отчет,
"ООО ""ВКФ ""Алькада""",Запорізька ,"Запорізька обл., Запорізький р-н, с. Таврійське,
вул. Поштова, 24",ZA2104,17.01.2022,2300,26.01.2022,350,отчет,
"ООО ""ВКФ ""Алькада""", Харківська ,"Харківська обл., Чугуївський р-н,
с. Зарожне, вул. Молодіжна
Замовник: ПрАТ «КИЇВСТАР»
2016",UK0674,27.01.2022,2300,03.02.2022,350,отчет,
"ООО ""ВКФ ""Алькада""", Харківська ,"Харківська обл., Куп’янський р-н, м. Куп’янськ, вул. Цурюпи, 2",UK0658,28.01.2022,2300,06.02.2022,350,отчет,
"ООО ""ВКФ ""Алькада""",Луганська ,"Луганська обл., Сватовський р-н, с. Милуватка, земельна ділянка
",UG0637,28.01.2022,2300,06.02.2022,350,отчет,
"ООО ""ВКФ ""Алькада""", Харківська ,"Харківська обл., Чугуївський р-н, с. Стара Гнилиця, вул. Дружна, 3А",UK1813,31.01.2022,2300,07.02.2022,350,отчет,
"ООО ""ВКФ ""Алькада""", Харківська ,"Харьківська обл., Балаклійский р-н, с. П'ятигірське, вул. Стадіонна, 3",UK0749,01.02.2022,2300,09.02.2022,350,отчет,
"ООО ""ВКФ ""Алькада""", Харківська ,"Харківська обл., Печенізький р-н., с. Новий Бурлук",UK1738,03.02.2022,2300,14.02.2022,350,отчет,
"ООО ""ВКФ ""Алькада""", Харківська ,"Харківська обл., Зміївський р-н, с. Тимченки, вул. Перемоги, 43",UK1903,03.02.2022,2300,14.02.2022,350,отчет,
"ООО ""ВКФ ""Алькада""",Луганська ,"Луганська обл., Троїцький р-н, с. Покровське, земельна ділянка",UG0604,07.02.2022,2300,14.02.2022,350,отчет,
"ООО ""ВКФ ""Алькада""",Запорізька ,"Запорізька обл., м. Мелітополь, вул.
Пожарського, 2А",UZ1931,07.02.2022,2300,14.02.2022,350,отчет,
"ООО ""ВКФ ""Алькада""",Запорізька ,"Запорізька область, Якимівський р-он смт. Кирилівка, б/в
«Колос»",UZ 2978,09.02.2022,2300,17.02.2022,350,отчет,
"ООО ""ВКФ ""Алькада""",Запорізька ,"Запорізька обл., м. Мелітополь, вул. Дружби, 226",UZ1802,14.02.2022,2300,22.02.2022,350,отчет,
"ООО ""ВКФ ""Алькада""",Запорізька ,"м. Запоріжжя, вул. Ладозька, 14",UZ1711,14.02.2022,2300,23.02.2022,350,отчет,
"ООО ""ВКФ ""Алькада""",Луганська ,"Луганська обл., м. Кремінна, пров. Дружби, 8",UG0768,09.02.2022,2300,16.02.2022,350,отчет,
"ООО ""ВКФ ""Алькада""",Луганська ,"Луганська обл., м. Щастя, квартал Енергетиків, 1-В",UG0938,10.02.2022,2300,17.02.2022,350,отчет,
"ООО ""ВКФ ""Алькада""",Луганська ,"Луганська обл., Марківський р-н, с. Бондарівка, вул. Леніна,  котельня",UG0635,07.02.2022,3000,14.02.2022,350,ПУ,
"ООО ""ВКФ ""Алькада""",Запорізька ,"Запорізька обл., м. Бердянськ, вул. Макарова, 7",UZ2997,14.02.2022,2300,23.02.2022,350,отчет,
"ООО ""ВКФ ""Алькада""",Донецька ,"Донецька обл., м. Покровськ, вул. Дніпропетровська, 6",DO9008,16.02.2022,3000,23.03.2022,350,отчет,№1
"ООО ""ВКФ ""Алькада""",Запорізька ,"м. Запоріжжя, вул. Юності, 70А",UZ1725,22.02.2022,2700,23.03.2022,350,отчет,№1
"ООО ""ВКФ ""Алькада""",Запорізька ,"Запорізька обл., м. Мелітополь, просп. Б. Хмельницького, 46/9",UZ3818,23.02.2022,2700,23.03.2022,350,отчет,№1
"ООО ""ВКФ ""Алькада""",Запорізька ,"Запорізька обл., Запорізький р-н, с. Бабурка, вул. Міська, 1Б",UZ1910,24.02.2022,2700,23.03.2022,350,отчет,№1
"ООО ""ВКФ ""Алькада""",Луганська ,"Луганська обл., Попаснянський район, м. Попасна, вул. Чехова, 16",UG0994,23.03.2022,2700,04.04.2022,350,отчет,№2
"ООО ""ВКФ ""Алькада""",Запорізька ,"Запорізька обл., Пологівський р-н,
с.Інженерне, вул.Залізнична, буд.28",ZA0173,22.03.2022,2700,04.04.2022,350,отчет,№2
"ООО ""ВКФ ""Алькада""",Запорізька ,"Запорізька обл., Куйбишевський р-н,
с.Шевченківське, вул.Центральна, 44а",ZA2461,23.03.2022,2700,04.04.2022,350,отчет,№2
"ООО ""ВКФ ""Алькада""", Харківська ,Харківська обл Зміївський район с Коропово,UK0617,24.03.2022,2700,04.04.2022,350,отчет,№2
"ООО ""ВКФ ""Алькада""",Дніпропетрівська,"Дніпропетровська обл., Криничанський р-н, с. Адамівка, вул. Радгоспна, щогла ТОВ ""УкрТауер""",DNE ADM UKT,24.03.2022,1000,04.04.2022,350,доп,№2
"ООО ""ВКФ ""Алькада""",Луганська ,"Луганська обл., Троїцький р-н, с. Дьоміно-Олександрівка, земельна ділянка
","UG0627
",01.04.2022,2700,25.04.2022,350,отчет,№3
"ООО ""ВКФ ""Алькада""",Луганська ,"Луганська обл., смт. Станично-Луганське, вул. Горького, 68 А
","UG0927
",01.04.2022,2700,25.04.2022,350,отчет,№3
"ООО ""ВКФ ""Алькада""",Луганська ,"Луганська обл., м. Попасна, пл. Миру, 2
","UG0984
",31.03.2022,2700,25.04.2022,350,отчет,№3
"ООО ""ВКФ ""Алькада""",Запорізька ,"м. Запоріжжя, вул. Моторобудівників, 32",UZ2975,06.05.2022,2700,13.05.2022,350,отчет,№4
"ООО ""ВКФ ""Алькада""",Запорізька ,"м. Запоріжжя, вул. Павлокічкаська, 15",UZ0808,06.05.2022,2700,13.05.2022,350,отчет,№4
"ООО ""ВКФ ""Алькада""",Запорізька ,"м. Запоріжжя, вул. Сергія Синенка, 81",UZ3962,17.05.2022,2700,09.06.2022,350,отчет,№5
"ООО ""ВКФ ""Алькада""",Запорізька ,"м. Запоріжжя, б-р Парковий, 14",UZ1921,25.05.2022,2700,09.06.2022,350,отчет,№5
"ООО ""ВКФ ""Алькада""",Запорізька ,"м. Запоріжжя, вул. Республіканська, 200",UZ0837,15.06.2022,2700,28.06.2022,350,отчет,№6
"ООО ""ВКФ ""Алькада""",Запорізька ,"м. Запоріжжя, вул. Республіканська, 200",TUZ0837,15.06.2022,1300,28.06.2022,350,доп,№6
"ООО ""ВКФ ""Алькада""",Запорізька ,"Запорізька обл., Новомиколаївський р-н, смт. Тернувате, вул. Елеваторна, 4",TUZ0629,13.07.2022,2700,25.07.2022,350,отчет,№7
"ООО ""ВКФ ""Алькада""",Запорізька ,"Запорізька обл., Оріхівський р-н, смт.Комишуваха, СОУ-22",TUZ0620,14.07.2022,2700,25.07.2022,350,отчет,№7
"ООО ""ВКФ ""Алькада""",Київська,"Київська обл., м.Біла Церква, вул. Річкова, 4а",UA5847,12.07.2022,2700,25.07.2022,350,отчет,№7
"ООО ""ВКФ ""Алькада""",Київська,"Київська обл., м.Біла Церква, вул. Річкова, 4а",UA5847,24.07.2022,3300,17.08.2022,350,ПУ,№8
"ООО ""ВКФ ""Алькада""",Київська,"Київська обл., Ставищенський р-н, с. Василиха, вежа ТОВ ""УкрТауер""",UA4505,17.07.2022,3000,25.07.2022,350,отчет,№7
"ООО ""ВКФ ""Алькада""",Київська,"Київська обл., Макарівський р-н, с. Малий Карашин, вежа ТОВ ""УкрТауер""",UA5656,17.07.2022,3000,25.07.2022,350,отчет,№7
"ООО ""ВКФ ""Алькада""",Київська,"Київська обл., Бородянський р-н, с. Берестянка, вежа ТОВ ""УкрТауер""
",UA2861,17.07.2022,3000,25.07.2022,350,отчет,№7
"ООО ""ВКФ ""Алькада""",Запорізька ,"Запорізька обл., м. Вільнянськ, вул. Матросова, 22", UZ0612,13.07.2022,2700,25.07.2022,350,отчет,№7
"ООО ""ВКФ ""Алькада""",Запорізька ,"Запорізька обл., м. Вільнянськ, вул. Матросова, 22", UZ0612,17.07.2022,3300,25.07.2022,350,ПУ,№7
"ООО ""ВКФ ""Алькада""",Запорізька ,"м. Запоріжжя, вул. Звенигородська, 9",UZ0812,04.08.2022,2700,17.08.2022,350,отчет,№8
"ООО ""ВКФ ""Алькада""",Запорізька ,"м. Запоріжжя, вул. Вишнева, 42",UZ2984,13.08.2022,2700,17.08.2022,350,отчет,№8
"ООО ""ВКФ ""Алькада""",Київська ,"Київська обл., Фастівський р-н, с. Дзвінкове, башта ПрАТ ""ВФ Україна""",UA3625,23.08.2022,3000,31.08.2022,350,отчет,№9
"ООО ""ВКФ ""Алькада""",Київська ,"Київська обл., Макарівський р-н, с. Фасова, вул. Ковгоспна, 4, башта ПрАТ ""ВФ Україна""",UA5508,29.08.2022,3000,31.08.2022,350,отчет,№9
"ООО ""ВКФ ""Алькада""",Київська ,"Київська обл., с. Гореничі, вул. Гагаріна, 1а, башта ПрАТ ""ВФ Україна""",UA5510,16.09.2022,3000,21.09.2022,350,отчет,№11
"ООО ""ВКФ ""Алькада""",Запорізька ,"м. Запоріжжя, вул. Чуйкова, 17",UZ0906,29.08.2022,2700,31.08.2022,350,отчет,№9
"ООО ""ВКФ ""Алькада""",Запорізька ,"м. Запоріжжя, Товариська вулиця, 37А",TUZ3960,29.08.2022,2700,31.08.2022,350,отчет,№9
"ООО ""ВКФ ""Алькада""",Запорізька ,"м. Запоріжжя, вул. Товариська, 58",TUZ0729,29.08.2022,2700,31.08.2022,350,отчет,№9
"ООО ""ВКФ ""Алькада""",Черкаська ,"Черкаська обл., м.Ватутіно, вежа РТПЦ
",UQ0841,15.09.2022,2700,21.09.2022,350,отчет,№11
"ООО ""ВКФ ""Алькада""",Дніпропетрівська,"Дніпропетровська обл., Нікопольський р-н, за межами с. Іванівка, земельна ділянка за кадастровим номером: 1222684400:01:003:0593",UX0688,02.09.2022,2700,14.09.2022,350,отчет,№10
"ООО ""ВКФ ""Алькада""", Харківська ,"Харківська обл., Золочівський р-н, с. Мала Рогозянка, садове товариство ""Приозерне""",UK0717,04.09.2022,2700,14.09.2022,350,отчет,№10
"ООО ""ВКФ ""Алькада""",Київська ,"Київська обл., Бориспільський р-н, с. Вишеньки, дамба ""Бортничі-Вишеньки""",UA3618 ,04.09.2022,3000,14.09.2022,350,отчет,№10
"ООО ""ВКФ ""Алькада""",Запорізька ,"м. Запоріжжя, вул. Космічна, 121",TUZ0851,05.09.2022,2700,14.09.2022,350,отчет,№10
"ООО ""ВКФ ""Алькада""",Запорізька ,"Запорізька обл., Запорізький р-н, с. Біленьке, вул. Запорізька, 32",UZ0855,07.09.2022,2700,14.09.2022,350,отчет,№10
"ООО ""ВКФ ""Алькада""",Запорізька ,"м. Запоріжжя, вул. Космічна, 129",UZ0719,10.09.2022,2700,21.09.2022,350,отчет,№11
"ООО ""ВКФ ""Алькада""",Запорізька ,"Запорізька обл., Вільнянський р-н, с. Новогупалівка, вул. Центральана, 61-б",UZ0675,12.09.2022,2700,21.09.2022,350,отчет,№11
"ООО ""ВКФ ""Алькада""",Запорізька ,"Запорізька обл., м. Вільнянськ, вул. Бочарова, 16",UZ0962,12.09.2022,2700,21.09.2022,350,отчет,№11
"ООО ""ВКФ ""Алькада""",Запорізька ,"м. Запоріжжя, вул. Цимлянська, 1",UZ2726,12.09.2022,2700,21.09.2022,350,отчет,№11
"ООО ""ВКФ ""Алькада""",Запорізька ,"м. Запоріжжя, вул. Павлокічкаська, 15",UZ0808,21.09.2022,2700,29.09.2022,350,отчет,№12
"ООО ""ВКФ ""Алькада""",Запорізька ,"м. Запоріжжя, вул. Павлокічкаська, 15",UZ0808,21.09.2022,2700,29.09.2022,350,отчет,№12
"ООО ""ВКФ ""Алькада""",Запорізька ,"м. Запоріжжя, пр. Інженера Преображенського, 33",UZ0714,21.09.2022,2700,29.09.2022,350,отчет,№12
"ООО ""ВКФ ""Алькада""",Запорізька ,"Запорізька обл., Запорізький р-н,
с. Петропіль",UZ0627,23.09.2022,2700,29.09.2022,350,отчет,№12
"ООО ""ВКФ ""Алькада""",Кіровоградська,"Кіровоградська обл., смт. Голованівськ, башта РТС",UW1001,18.09.2022,2700,29.09.2022,350,отчет,№12
"ООО ""ВКФ ""Алькада""",Кіровоградська,"Кіровоградська обл., м. Смоліно, вежа РТС",UW0604,18.09.2022,2700,29.09.2022,350,отчет,№12
"ООО ""ВКФ ""Алькада""",Кіровоградська,"Кіровоградськая обл., Ульяновський р-н, с. Данилова балка, щогла ""ВФ Україна"" біля току",UW0887,20.09.2022,3000,29.09.2022,350,отчет,№12
"ООО ""ВКФ ""Алькада""",Запорізька ,"Запорізька обл., Вільнянський р-н, с. Новогупалівка, вул. Центральана, 61-б",UZ0675,26.09.2022,1000,29.09.2022,350,доп,№12
"ООО ""ВКФ ""Алькада""",Запорізька ,"Запорізька обл., Оріхівський р-н, смт.Комишуваха, СОУ-22",TUZ0620,26.09.2022,2700,10.10.2022,350,отчет,№13
"ООО ""ВКФ ""Алькада""",Запорізька ,"м. Запоріжжя, вул. Жасмінна, 5В",TUZ0725,26.09.2022,2700,10.10.2022,350,отчет,№13
"ООО ""ВКФ ""Алькада""",Дніпропетрівська,"Дніпропетровська обл., Дніпровський р-н, с. Любимівка, вул. Іванова, 9А",UX1639,26.09.2022,2700,10.10.2022,350,отчет,№13
"ООО ""ВКФ ""Алькада""",Запорізька ,"Запорізька обл., Вільнянський р-н, с. Петро-Михайлівка, вул. Садова, 1",UZ0609,28.09.2022,2700,10.10.2022,350,отчет,№13
"ООО ""ВКФ ""Алькада""",Запорізька ,"Запорізька обл., Вільнянський р-н, с. Михайлівка, вул. Шкільна, 5",UZ0661,30.09.2022,2700,10.10.2022,350,отчет,№13
"ООО ""ВКФ ""Алькада""",Дніпропетрівська,"Дніпропетровська обл., м. Кривий Ріг, вул. Адмірала Головко, 71, АТС-38",UХ06131,01.10.2022,2700,10.10.2022,350,отчет,№13
"ООО ""ВКФ ""Алькада""",Запорізька ,"м. Запоріжжя, пр. Моторобудівників, 30 (КРРТ)",UZ1807,03.10.2022,2700,10.10.2022,350,отчет,№13
"ООО ""ВКФ ""Алькада""",Запорізька ,"Запорізька обл., смт Новомиколаївка, вул. Молодіжна, 1а",UZ0625,06.10.2022,2700,24.10.2022,350,отчет,№14
"ООО ""ВКФ ""Алькада""",Дніпропетрівська,"Дніпропетровська обл., Павлоградський р-н, с. Троїцьке, вул. Центральна, 105-Г",UX2630,07.10.2022,2700,24.10.2022,350,отчет,№14
"ООО ""ВКФ ""Алькада""",Полтавська ,"Полтавська обл., Кобеляцький р-н, с. Озера",UP0644,10.10.2022,2700,24.10.2022,350,отчет,№14
"ООО ""ВКФ ""Алькада""",Полтавська ,"Полтавська обл., Решетилівський р-н, с. Піщане",UP0669,10.10.2022,2700,24.10.2022,350,отчет,№14
"ООО ""ВКФ ""Алькада""",Полтавська ,"Полтавська обл., Пирятинський р-н, с. Вікторія ",UP1601,21.10.2022,2700,24.10.2022,350,отчет,№14
"ООО ""ВКФ ""Алькада""",Кіровоградська,"Кіровоградська обл., Олександрівський р-н, смт. Єлизаветградка",UW0879,11.10.2022,3000,24.10.2022,350,отчет,№14
"ООО ""ВКФ ""Алькада""",Черкаська ,"Черкаська обл., Чорнобаївський р-н, смт. Чорнобай, вул. Шевченко, 262",UQ1847,24.10.2022,2700,07.11.2022,365,отчет,№1.1
"ООО ""ВКФ ""Алькада""",Запорізька ,"м. Запоріжжя, вул. Новгородська, 3",UZ2912,26.10.2022,2700,07.11.2022,365,отчет,№1.1
"ООО ""ВКФ ""Алькада""",Полтавська ,"Полтавська обл., Миргородський р-н, смт. Ромодан, вул. Першотравнева, 1",UP0919,28.10.2022,2700,07.11.2022,365,отчет,№1.1
"ООО ""ВКФ ""Алькада""",Полтавська ,"Полтавська обл.,Гадяцький р-н, с. Лютенька",UP0627,31.10.2022,2700,07.11.2022,365,отчет,№1.1
"ООО ""ВКФ ""Алькада""",Запорізька ,"Запорізька обл., Вільнянський р-н, с. Соколівка",UZ3602,31.10.2022,3000,07.11.2022,350,отчет,№1.1
"ООО ""ВКФ ""Алькада""",Черкаська ,"Черкаська обл., Звенигородський р-н, с. Гусакове, вул. Колгоспна, 37, вежа ПрАТ ""ВФ Україна"" ",UQ2755,01.11.2022,3000,14.11.2022,350,отчет,№2.1
"ООО ""ВКФ ""Алькада""",Черкаська ,"Черкаська обл., Черкаський р-н, с. Балаклея, вежа ПрАТ ""ВФ Україна"" ",UQ2861,02.11.2022,3000,14.11.2022,350,отчет,№2.1
"ООО ""ВКФ ""Алькада""",Черкаська ,"Черкаська обл., Звенигородський р-н, с. Легедзино, вежа ПрАТ ""ВФ Україна"" ",UQ1622,03.11.2022,3000,14.11.2022,350,отчет,№2.1
"ООО ""ВКФ ""Алькада""",Черкаська ,"Черкаська обл., Уманьский р-н, с. Тинівка, вежа ПрАТ ""ВФ Україна""",UQ2954,10.11.2022,3000,14.11.2022,350,отчет,№2.1
"ООО ""ВКФ ""Алькада""",Черкаська ,"Черкаська обл., Уманьский р-н, с. Шукайвода, вежа ПрАТ ""ВФ Україна"" ",UQ0784,12.11.2022,3000,14.11.2022,350,отчет,№2.1
"ООО ""ВКФ ""Алькада""",,"перевірний розрахунок несучої здатності конструкцій сталевої
вежі висотою Н=60,0 м, з урахуванням обладнання мобільного зв’язку
в 2-му вітровому районі України",,06.11.2022,3000,14.11.2022,350,отчет,№2.1
"ООО ""ВКФ ""Алькада""",Запорізька ,"м. Запоріжжя, вул. Чуйкова, 17",UZ0906,06.11.2022,2700,14.11.2022,365,отчет,№2.1
"ООО ""ВКФ ""Алькада""",Полтавська ,"Полтавська обл., Семенівський р-н, с. Устимівка
",UP0710,15.11.2022,2700,29.11.2022,365,отчет,№3
"ООО ""ВКФ ""Алькада""",Черкаська ,"Черкаська обл., Кам'янський р-н, с. Пляківка, вежа ТОВ ""УкрТауер""
",UQ1932,18.11.2022,3000,29.11.2022,350,отчет,№3
"ООО ""ВКФ ""Алькада""",Черкаська ,"Черкаська обл., Корсунь-Шевченківський р-н, с. Квітки, вежа ТОВ ""УкрТауер""
",UQ0794,13.12.2022,3000,27.12.2022,315,отчет,№7
"ООО ""ВКФ ""Алькада""",Черкаська ,"Черкаська обл., Чигиринський р-н, с. Мельники, вежа ТОВ ""УкрТауер""",UQ1680,14.12.2022,3000,27.12.2022,315,отчет,№7
"ООО ""ВКФ ""Алькада""",Черкаська ,"Черкаська обл., Чорнобаївський р-н, с. Тимченки, щогла ТОВ ""УкрТауер""",UQ1612,29.11.2022,3000,08.12.2022,350,отчет,№4
"ООО ""ВКФ ""Алькада""",Черкаська ,"Черкаська обл., Звенигородський р-н, с. Стебне, вул. Звенигородська, 28, щогла ТОВ ""Лайфселл""",UQ1740,21.11.2022,3000,29.11.2022,350,отчет,№3
"ООО ""ВКФ ""Алькада""",Черкаська ,"Черкаська обл., Уманський р-н, с. Кочубеївка, вул. Колгоспна, 19, 1, щогла ТОВ ""лайфселл""",UQ1617,22.11.2022,3000,29.11.2022,350,отчет,№3
"ООО ""ВКФ ""Алькада""",Черкаська ,"Черкаська обл., Чигиринський р-н, c. Красносілля, вул. Черкаська, 42, щогла ТОВ ""лайфселл""",UQ2825 ,23.11.2022,3000,29.11.2022,350,отчет,№3
"ООО ""ВКФ ""Алькада""",Черкаська ,"Черкаська обл., Чигиринський р-н, с. Худоліївка, вул. Чигиринська, 1, щогла ТОВ ""лайфселл""",UQ1670,28.11.2022,3000,08.12.2022,350,отчет,№4
"ООО ""ВКФ ""Алькада""",Черкаська ,"Черкаська обл., Канівський р-н, с. Потапці, вул. Шевченка, 59, вежа ТОВ ""УкрТауер""",UQ0898,05.12.2022,3000,12.12.2022,315,отчет,№5
"ООО ""ВКФ ""Алькада""",Черкаська ,"Черкаська обл., Городищенський р-н, с. Валява, вежа ТОВ ""УкрТауер""",UQ1817,15.12.2022,3000,27.12.2022,315,отчет,№7
"ООО ""ВКФ ""Алькада""",Черкаська ,"Черкаська обл., Канівський р-н, с. Бобриця, вул. Марлена, водонапорна вежа",UQ1889,07.12.2022,3000,21.12.2022,315,отчет,№6
"ООО ""ВКФ ""Алькада""",Черкаська ,"Черкаська обл., Христинівський р-н, с. Ягубець, вул. Шевченка, 42А, щогла ТОВ ""Лайфселл""",UQ2619,28.11.2022,3000,12.12.2022,315,отчет,№5
"ООО ""ВКФ ""Алькада""",Черкаська ,"Черкаська обл., Звенигородський р-н, с. Розсохуватка, вежа ТОВ ""УкрТауер""",UQ1887,09.12.2022,3000,21.12.2022,315,отчет,№6
"ООО ""ВКФ ""Алькада""",Полтавська ,"Полтавська обл., Кобеляцький р-н, с. Придніпрянське",UP0882,08.12.2022,2700,21.12.2022,372,отчет,№6
"ООО ""ВКФ ""Алькада""",Полтавська ,"Полтавська обл., Кобеляцький р-н,
с. Кишеньки, Цегляний завод",UP0624 ,05.12.2022,2700,12.12.2022,372,отчет,№5
"ООО ""ВКФ ""Алькада""",Запорізька ,"м. Запоріжжя вул. Оріхівське шосе,30",UZ0704,01.12.2022,3000,12.12.2022,315,отчет,№5
"ООО ""ВКФ ""Алькада""",Черкаська ,"Черкаська обл., Черкаський р-н, с. Пішки, вежа ТОВ ""УкрТауер""",KIE CHK PCK,02.12.2022,3000,12.12.2022,315,отчет,№5
"ООО ""ВКФ ""Алькада""",Запорізька ,"м. Запоріжжя, провулок Вологодський, 30",TUZ1709,12.12.2022,3000,21.12.2022,315,отчет,№6
"ООО ""ВКФ ""Алькада""",Запорізька ,"м. Запоріжжя, вул. Академіка Олександрова, 1",UZ1845,08.12.2022,2700,21.12.2022,372,отчет,№6
"ООО ""ВКФ ""Алькада""",Черкаська ,"Черкаська обл., Канівський р-н, с. Бобриця, вул. Марлена, водонапорна вежа",UQ1889,07.12.2022,3300,21.12.2022,315,ПУ,№6
"ООО ""ВКФ ""Алькада""",Запорізька ,"м. Запоріжжя, вул. Добролюбова, 10",UZ0921,12.12.2022,2700,21.12.2022,372,отчет,№6
"ООО ""ВКФ ""Алькада""",Запорізька ,"м. Запоріжжя, бул. Шевченко, 1",UZ0901,12.12.2022,2700,21.12.2022,372,отчет,№6
"ООО ""ВКФ ""Алькада""",Київська,"Київська обл., Баришевський р-н, с. Веселинівка, башта ПрАТ ""ВФ Україна""",UA2551,16.12.2022,3000,29.12.2022,315,отчет,№8
"ООО ""ВКФ ""Алькада""",Черкаська ,"Черкаська обл., Канівський р-н, с. Грищенці, вул. Шевченка, 106, вежа ТОВ ""УкрТауер""",UQ1678,18.12.2022,3000,29.12.2022,315,отчет,№8
"ООО ""ВКФ ""Алькада""",Черкаська ,м. Черкаси вул Гагаріна 33,UQ1859,22.12.2022,2700,29.12.2022,315,отчет,№8
"ООО ""ВКФ ""Алькада""",Черкаська ,"Черкаська обл., Звенигородський р-н, с.
Багачівка, вул. Т.Шевченка, 6",UQ1940 ,26.12.2022,2700,29.12.2022,315,отчет,№8
"ООО ""ВКФ ""Алькада""",Черкаська ,Черкаська обл с. Крачківка,UQ1608,26.12.2022,2700,29.12.2022,315,отчет,№8
"ООО ""ВКФ ""Алькада""",Черкаська ,Черкаська обл с. Сагунівка,UQ1659,27.12.2022,2700,29.12.2022,315,отчет,№8
"ООО ""ВКФ ""Алькада""",Черкаська ,Черкаська обл с. Мале Старолісся,UQ1768,28.12.2022,2700,29.12.2022,315,отчет,№8
"ООО ""ВКФ ""Алькада""",Полтавська ,"Полтавська обл., Кобеляцький р-н,
с. Кишеньки, Цегляний завод",UP0624 ,18.12.2022,1200,29.12.2022,50,доп,№8
"ООО ""ВКФ ""Алькада""",Чернігівська ,"Чернігівська обл., Чернігівський р-н, с. Шестовиця, вул. П.
Морачевського, 29",KIE CHN SHT,26.12.2022,3000,29.12.2022,315,отчет,№8
"ООО ""ВКФ ""Алькада""",Чернігівська ,"Чернігівська обл., Прилуцький р-н, с. Ладовщина, вежа ТОВ ""УкрТауер""",UI0717,11.01.2023,3000,02.02.2023,460,отчет,№9
"ООО ""ВКФ ""Алькада""",Чернігівська ,"Чернігівська обл., Сосницький р-н, с. Рудня, вежа ТОВ ""УкрТауер""",UI1764,11.01.2023,3000,02.02.2023,460,отчет,№9
"ООО ""ВКФ ""Алькада""",Запорізька ,"Запорізька обл., смт Новомиколаївка, вул. Молодіжна, 1а",UZ0625,26.12.2022,1200,29.12.2022,50,доп,№8
"ООО ""ВКФ ""Алькада""",Чернігівська ,"Чернігівська обл., Менський р-н, с. Волосківці, вежа ТОВ ""УкрТауер""",UI1651,18.01.2023,3200,02.02.2023,460,отчет,№9
"ООО ""ВКФ ""Алькада""",Чернігівська ,"Чернігівська обл., Шептаківська с/р, ""АЗС-169 км "" а/ш Чернігів-Грем'яч, вежа ТОВ ""УкрТауер""",UI2853,16.01.2023,3200,02.02.2023,460,отчет,№9
"ООО ""ВКФ ""Алькада""",Чернігівська ,"Чернігівська обл., Чернігівський р-н, с. Халявин, вежа ПрАТ ""ВФ Україна""",KIE CHN HLV,08.02.2023,3500,16.02.2023,412,отчет,№10
"ООО ""ВКФ ""Алькада""",Чернігівська ,"Чернігівська обл., Чернігівський р-н, с. Жукотки,, вежа ПрАТ ""ВФ Україна""",KIE CHN ZKT,10.02.2023,3500,16.02.2023,412,отчет,№10
"ООО ""ВКФ ""Алькада""",Чернігівська ,"Чернігівська обл., Новгород-Сіверський р-н, с. Рождественське, вежа ПрАТ ""ВФ Україна"" ",KIE CHN ZVT,20.02.2023,3500,06.03.2023,430,отчет,№11
"ООО ""ВКФ ""Алькада""",Чернігівська ,"Чернігівська обл., Новгород-Сіверський р-н, с. Дегтярівка, щогла ПрАТ ""ВФ Україна""",KIE CHN DEG,20.02.2023,3500,06.03.2023,430,отчет,№11
"ООО ""ВКФ ""Алькада""",Чернігівська ,"Чернігівська обл., Прилуцький р-н, с. Плугатар",KIE CHN PLU,22.02.2023,3500,06.03.2023,430,отчет,№11
"ООО ""ВКФ ""Алькада""",Чернігівська ,"Чернігівська обл., Чернігівський р-н, с. Хоробичі, вежа ПрАТ ""ВФ Україна""",KIE CHN HRB,23.02.2023,3500,20.03.2023,430,отчет,№12
"ООО ""ВКФ ""Алькада""",Чернігівська ,"Чернігівська обл., Сосницький р-н, с. Хлоп'яники, вежа ТОВ ""УкрТауер""",UI1864,28.02.2023,3200,20.03.2023,430,отчет,№12
"ООО ""ВКФ ""Алькада""",Чернігівська ,"Чернігівська обл., Корюківський р-н, с. Макошине, вул. 40 років Перемоги",KIE CHN MKS,02.03.2023,3500,22.03.2023,430,отчет,№13
"ООО ""ВКФ ""Алькада""",Чернігівська ,"Чернігівська обл., Новгород-Сіверський р-н, с. Машеве, пл. Б. Хмельницького, 4, вежа ПрАТ ""ВФ Україна"" ",KIE CHN MAS,09.03.2023,3500,22.03.2023,430,отчет,№13
"ООО ""ВКФ ""Алькада""",Чернігівська ,"Чернігівська обл., Чернігівський р-н, смт. Куликівка, вежа ПрАТ ""ВФ Україна""",KIE CHN KUL,20.03.2023,3500,05.04.2023,430,отчет,№15
"ООО ""ВКФ ""Алькада""",Чернігівська ,"Чернігівська обл., Чернігівський р-н, с. Хрещате, вежа ПрАТ ""ВФ Україна""",KIE CHN HRE,13.03.2023,3500,28.03.2023,430,отчет,№14
"ООО ""ВКФ ""Алькада""",Черкаська,"Черкаська обл, Лисянський р-н, смт. Лисянка, вул. Київська, 86",UQ0654,24.02.2023,3200,20.03.2023,430,отчет,№12
"ООО ""ВКФ ""Алькада""",Запорізька ,"Запорізька о бл., Новомиколаївський р-н, с. Трудове, вежа VF
UZ2615  (DNE TRU TOW) ",UZ2615,27.02.2023,3500,20.03.2023,430,отчет,№12
"ООО ""ВКФ ""Алькада""",Чернігівська ,"Чернігівська обл., Прилуцький р-н, с. Болотниця, вул. Миру, 20Б",UI0768,07.03.2023,3200,22.03.2023,470,отчет,№13
"ООО ""ВКФ ""Алькада""",Київська ,"Київська обл., Бориспільський р-н, с.Жереб'ятин",UA3529,14.03.2023,3200,28.03.2023,470,отчет,№14
"ООО ""ВКФ ""Алькада""",Київська ,"Київcька обл, Броварський р-н, с. Нова Олександрівка, опора Укртауер",UA2691,15.03.2023,3200,28.03.2023,470,отчет,№14
"ООО ""ВКФ ""Алькада""",Чернігівська ,"Чернігівська обл., Ріпкинський р-н, с. Нові Яриловичі, вежа ПрАТ ""ВФ Україна""",UI1601,16.03.2023,3200,05.04.2023,470,отчет,№15
"ООО ""ВКФ ""Алькада""",Київська ,"м. Київ, Дарницький р-н., вул. Харківське шосе, 121",UA0717,17.03.2023,3200,05.04.2023,470,отчет,№15
"ООО ""ВКФ ""Алькада""",Чернігівська ,"Чернігівська обл., Прилуцький р-н, с. Білорічиця, вул. Шевченка, 28, щогла ТОВ ""лайфселл""",UI1983,21.03.2023,3200,05.04.2023,470,отчет,№15
"ООО ""ВКФ ""Алькада""",Київська ,"Київська обл., Білоцерківський р-н, с. Олейникова Слобода, вул. Центральна,241, опора Укртауер",UA1568,20.03.2023,3200,05.04.2023,470,отчет,№15
"ООО ""ВКФ ""Алькада""",Запорізька ,"Запорізька обл., м. Запоріжжя, вул. Моторобудівників, 15",UZ0753,28.03.2023,3200,05.04.2023,470,отчет,№16
"ООО ""ВКФ ""Алькада""",Кіровоградська,"Кіровоградськая обл., м. Долинська, вул. Нова, 110",UW0999,29.03.2023,3200,05.04.2023,470,отчет,№16
"ООО ""ВКФ ""Алькада""",Дніпропетрівська,"Дніпропетровська обл., Павлоградський р-н, смт Юр'ївка, вул. Відродження, земельна ділянка за кадастровим номером: 122598500:01:001:0133",UX0607,03.04.2023,3200,05.04.2023,470,отчет,№16
"ООО ""ВКФ ""Алькада""",Кіровоградська,"Кіровоградська обл., Олександрійський р-н, смт Нова Прага, територія колишнього асфальтного заводу, власна башта напроти РТПЦ",UW1834,05.04.2023,3200,05.04.2023,470,отчет,№16
"ООО ""ВКФ ""Алькада""",Запорізька ,"Запорізька обл., Запорізький р-н, с. Шевченківське, вежа VF",UZ2610,06.04.2023,3200,17.04.2023,470,отчет,№17
"ООО ""ВКФ ""Алькада""",Дніпропетрівська,"Дніпропетровська обл., м. Павлоград, вул. Центральна,98",UX0955,10.04.2023,3200,17.04.2023,470,отчет,№17
"ООО ""ВКФ ""Алькада""",Дніпропетрівська,"Дніпропетровська обл., Павлоградський р-н, м. Тернівка, вул. Харківська, 5",UX0959,10.04.2023,3500,17.04.2023,430,отчет,№17
"ООО ""ВКФ ""Алькада""",Чернігівська ,"Чернігівська обл., м. Новгород-Сіверський, вежа ПрАТ ""Київстар""",UI2953,12.04.2023,3200,25.04.2023,470,отчет,№18
"ООО ""ВКФ ""Алькада""",Київська,"Київська обл., Бориспільський р-н, с. Лозовий Яр, опора ПрАТ ""ВФ Україна""",UA5854,13.04.2023,3500,25.04.2023,470,отчет,№18
"ООО ""ВКФ ""Алькада""",Запорізька ,"Запорізька обл., Гуляйпільський р-н, с. Воздвижівка, вул. Центральна",UZ0867,19.04.2023,3200,25.04.2023,470,отчет,№18
"ООО ""ВКФ ""Алькада""",Полтавська ,"Полтавська обл., Лубенський р-н, м. Лубни, вул. Київська, 2,",UP0600,15.05.2023,3800,31.05.2023,470,ПУ,№20
"ООО ""ВКФ ""Алькада""",Полтавська ,"Полтавська обл., Оржицький р-н, с. Яблуневе",UP0662,16.05.2023,3800,07.06.2023,470,ПУ,№21
"ООО ""ВКФ ""Алькада""",Київська,"Київська обл., Фастівський р-н, с. Дідівщина, вежа ПрАТ ""ВФ Україна""",UA4687,08.05.2023,3500,19.05.2023,470,отчет,№19
"ООО ""ВКФ ""Алькада""",Київська,"Київська обл., Білоцерківский р-н, с. Високе, вежа ПрАТ ""ВФ Україна""",UA4645,08.05.2023,3500,19.05.2023,470,отчет,№19
"ООО ""ВКФ ""Алькада""",Черкаська ,"Черкаська обл., Чорнобаївський р-н, смт. Чорнобай, вул. Шевченко, 262",UQ1847,24.05.2023,3500,07.06.2023,470,отчет,№21
"ООО ""ВКФ ""Алькада""",Київська,"Київська обл. с. Крюкібщина, бул. Переноги, 50 ",KI2738,05.06.2023,3500,16.06.2023,470,отчет,№22
"ООО ""ВКФ ""Алькада""",Чернігівська,"Чернігівська обл., Прилуцький р-н, с. Манжосівка, опора ПрАТ ""ВФ Україна""",UI1945,25.05.2023,3500,07.06.2023,470,отчет,№21
"ООО ""ВКФ ""Алькада""",Київська,"Київська обл., Бучанський р-н, м. Буча, вул. Інститутська, 22",UA4614,29.05.2023,3200,07.06.2023,470,отчет,№21
"ООО ""Люм’єр Україна""",,"РНС конструкция ""растки""",,21.06.2023,6500,27.06.2023,1250,отчет,
"ООО ""ВКФ ""Алькада""",Чернігівська,"Черкаська обл., смт Чорнобай, вул. Центральна, 158",UQ0847,05.06.2023,3200,16.06.2023,470,отчет,№22
"ООО ""ВКФ ""Алькада""",Чернігівська,"Чернігівська обл.,  Борзнянський р-н, с. Шаповалівка, вежа ПрАТ ""ВФ Україна""",UI1879,14.06.2023,3500,23.06.2023,470,отчет,№23
"ООО ""ВКФ ""Алькада""",Чернігівська,"м. Чернигів вул Шевченко 162,а",TUI2904,06.06.2023,3200,16.06.2023,470,отчет,№22
"ООО ""ВКФ ""Алькада""",Чернігівська ,"Чернігівська обл., Чернігівський р-н, с. Шестовиця, вул. П.
Морачевського, 29",KIE CHN SHT,26.06.2023,3800,12.07.2023,470,ПУ,№24
"ООО ""ВКФ ""Алькада""",,"перерасчет 4-гранной прутковой башни 40,0 м",,15.06.2023,3200,23.06.2023,470,отчет,№23
"ООО ""ВКФ ""Алькада""",Чернігівська,"Чернігівська обл., Городнянський р-н, с. Хоробичі, щогла ТОВ ""ЮТК""",TUI0885,15.06.2023,3200,23.06.2023,470,отчет,№23
"ООО ""ВКФ ""Алькада""",Київська,"Київська обл. Бориспільський р-н., м. Переяслав, НСБ ""Переяславль"", вежа ПрАТ ""ВФ Україна""",UA3607,08.06.2023,3500,23.06.2023,470,отчет,№23
"ООО ""ВКФ ""Алькада""",Черкаська ,"Черкаська обл., Уманський р-н, с. Орадівка, вежа ПрАТ ""ВФ Україна»",UQ1619,16.06.2023,3500,23.06.2023,470,отчет,№23
"ООО ""ВКФ ""Алькада""",Черкаська ,"Черкаська обл., Уманський р-н, с. Собківка, вежа ПрАТ ""ВФ Україна»",UQ1621,19.06.2023,3500,12.07.2023,470,отчет,№24
"ООО ""ВКФ ""Алькада""",Запорізька ,"Запорізька обл., смт Новомиколаївка, вул. Молодіжна, 1а",UZ0625,22.06.2023,3200,12.07.2023,470,отчет,№24
"ООО ""ВКФ ""Алькада""",Запорізька ,"Запорізька обл., Вільнянський р-н, с. Миролюбівка",UZ0652,23.06.2023,3200,12.07.2023,470,отчет,№24
"ООО ""ВКФ ""Алькада""",Черкаська ,"Черкаська обл., Смілянський р-н, с. Попівка",TUQ0729,29.06.2023,3200,19.07.2023,470,отчет,№25
"ООО ""ВКФ ""Алькада""",Чернігівська,"Чернігівська обл., Козелецький р-н, с. Лемеші, вежа ПрАТ ""ВФ Україна""",UI0638,28.06.2023,3500,19.07.2023,470,отчет,№25
"ООО ""ВКФ ""Алькада""",Чернігівська,"Чернігівська обл., Ніжинський р-н., с. Мала Кошелівка, вежа ПрАТ ""ВФ Україна""",UI0788,07.07.2023,3500,19.07.2023,470,отчет,№25
"ООО ""ВКФ ""Алькада""",Чернігівська,"Чернігівська обл., Сосницький р-н, с. Покровське, вежа ТОВ ""УкрТауер""",UI1886,05.07.2023,3200,19.07.2023,470,отчет,№25
"ООО ""ВКФ ""Алькада""",Чернігівська,"Чернігівська обл., Коропський р-н, с. Карацюбине, вежа ТОВ ""УкрТауер""",UI2641,18.07.2023,3200,08.08.2023,470,отчет,№27
"ООО ""ВКФ ""Алькада""",Чернігівська,"Чернігівська обл., Борзнянський р-н, с. Оленівка, вежа ТОВ ""УкрТауер""",UI1898,12.07.2023,3200,08.08.2023,470,отчет,№27
"ООО ""ВКФ ""Алькада""",Київська,"Кuї6ськіu обл., Білоцеркі6ського р-ну, 
с. Терезuне ",UA2668,10.07.2023,3200,28.07.2023,470,отчет,№26
"ООО ""ВКФ ""Алькада""",Київська,"Київська обл., Бориспільський р-н, с. Гора, вежа ТОВ ""ЮТК""",TUA0705,10.07.2023,3200,28.07.2023,470,отчет,№26
"ООО ""ВКФ ""Алькада""",Черкаська ,"Черкаська обл., Уманський р-н, м. Умань, вул. Визволителів, 31, вежа ПрАТ ""ВФ Україна»",UQ1993,05.07.2023,3500,28.07.2023,470,отчет,№26
"ООО ""ВКФ ""Алькада""",Київська,"Киїська обл., Білоцерківський р-н, с. Гейсіха, вежа ПрАТ ""ВФ Україна",UA5695,07.08.2023,3500,24.08.2023,470,отчет,№29
"ООО ""ВКФ ""Алькада""",Вінницька ,"Вінницька обл., Вінницький р-н, с. Степанівка., щогла ПрАТ ""Київстар""",KIE VIN STE,10.08.2023,3500,24.08.2023,470,отчет,№29
"ООО ""ВКФ ""Алькада""",Черкаська ,"Черкаська обл., Уманський р-н, м. Христинівка, вул. Першотравнева, 1, щогла ТОВ ""ЮТК""",TUQ0604,21.07.2023,3200,08.08.2023,470,отчет,№27
"ООО ""ВКФ ""Алькада""",Київська,"Киев Максименко , 26 предварительный анализ",KI0305,22.08.2023,3500,31.08.2023,470,отчет,№30
"ООО ""ВКФ ""Алькада""",Черкаська ,"Запорізька обл., Оріхівський р-н,
смт Комишуваха, СОУ-22",TUZ0620,28.07.2023,3200,17.08.2023,470,отчет,№28
"ООО ""ВКФ ""Алькада""",Черкаська ,"Запорізька обл., Вільнянський р-н., с. Вільноандріївка, пров.Робітничий, 4",UZ0961,27.07.2023,3200,17.08.2023,470,отчет,№28
"ООО ""ВКФ ""Алькада""",Київська,"Киїська обл., Білоцерківський р-н, с. Кошів, вежа ПрАТ ""ВФ Україна»",UA5796,03.08.2023,3500,17.08.2023,470,отчет,№28
"ООО ""ВКФ ""Алькада""",Запорізька ,"Запорізька обл., м. Запоріжжя, вул. Верхня, 1, металева труба",UZ1749,25.08.2023,3200,06.09.2023,470,отчет,№31
"ООО ""ВКФ ""Алькада""",Київська,"Киїська обл., Бориспільський р-н, с. Головурів,  вежа ПрАТ ""ВФ Україна»",UA2519,11.08.2023,3500,24.08.2023,470,отчет,№29
"ООО ""ВКФ ""Алькада""",Київська,"Київська обл., Бориспільський р-н., с. Вишеньки, вул. Срібнокільська 2-В,  вежа ПрАТ ""ВФ Україна»",UA3559,17.08.2023,3500,31.08.2023,470,отчет,№30
"ООО ""ВКФ ""Алькада""",Запорізька ,"Запорізька обл., м. Вільнянськ, вул. Бочарова, 16",UZ0962,16.08.2023,3200,31.08.2023,470,отчет,№30
"ООО ""ВКФ ""Алькада""",Вінницька ,"Вінницька обл., Чечельницький р-н, с. Стратіївка, щогла ПрАТ ""Київстар"" KIE VIN STI UB1706",UB1706,24.08.2023,3500,06.09.2023,470,отчет,№31
"ООО ""ВКФ ""Алькада""",Вінницька ,"Вінницька обл., Бершадський р-н, с. Осіївка, щогла ПрАТ ""Київстар"" KIE VIN OSI UB1994",UB1994,24.08.2023,3500,06.09.2023,470,отчет,№31
"ООО ""ВКФ ""Алькада""",Запорізька ,"Запорізька обл., Запорізький р-н, с. Шевченківське, вежа VF
UZ2610",UZ2610,18.08.2023,3500,31.08.2023,470,отчет,№30
"ООО ""ВКФ ""Алькада""",Черкаська ,"Черкаська обл, Шполянський р-н, с. Журавка, щогла ТОВ ""ЮТК""",TUQ0738,28.08.2023,3500,06.09.2023,470,отчет,№31
"ООО ""ВКФ ""Алькада""",Черкаська ,"Черкаська обл, Драбівський р-н, с. Білоусівка, територія автопарку КСП, щогла ТОВ ""ЮТК""
",TUQ0946,06.09.2023,3200,12.09.2023,470,отчет,№32
"ООО ""ВКФ ""Алькада""",Черкаська ,"Черкаська обл, Чорнобаївський р-н, с. Великі Канівці,, щогла ТОВ ""ЮТК""",TUQ0711,14.09.2023,3500,to the act,470,отчет,№
"ООО ""ВКФ ""Алькада""",Черкаська ,"Черкаська обл, Кам""янський р-н, с. Телепине, вул. Леніна 2, щогла ТОВ ""ЮТК""",TUQ0625 ,30.08.2023,3200,12.09.2023,470,отчет,№32
"ООО ""ВКФ ""Алькада""",Черкаська ,"Черкаська обл, Жашківський р-н, с. Тетерівка, вежа ТОВ ""ЮТК""",TUQ0893 ,08.09.2023,3500,to the act,470,отчет,№33
"ООО ""ВКФ ""Алькада""",Черкаська ,"м. Запоріжжя, вул. Новокузнецька, 41",TUZ3928,11.09.2023,3500,to the act,470,отчет,№
"ООО ""ВКФ ""Алькада""",Черкаська ,"м. Запоріжжя, вул. Бочарова, 1",TUZ0999,31.08.2023,3200,12.09.2023,470,отчет,№32
"ООО ""ВКФ ""Алькада""",Черкаська ,"Запорізька обл., Запорізький р-н, с. Лукашеве",TUZ0862,07.09.2023,3200,to the act,470,отчет,№33
"ООО ""ВКФ ""Алькада""",Черкаська ,"Черкаська обл., Монастирищенський р-н, с.
Лукашівка, вул. Набережна",TUQ1717 ,in progress,3500,2,470,отчет,№
"ООО ""ВКФ ""Алькада""",Черкаська ,"Черкаська обл., Черкаський р-н с.Трушевці, вежа ПрАТ ""ВФ Україна»",UQ1825 ,05.09.2023,3500,12.09.2023,470,отчет,№32
"ООО ""ВКФ ""Алькада""",Чернігівська,"Чернігівська обл., Носівський р-н, с. Коломійцівка, щогла ТОВ ""ЮТК""",TUI0938,13.09.2023,3200,to the act,470,отчет,№
"ООО ""ВКФ ""Алькада""",Запорізька ,"Запорізька обл. Запорізький район,
с. Привітне, вежа ПрАТ ""ВФ Україна""",UZ3737,15.09.2023,3500,to the act,470,отчет,№
"ООО ""ВКФ ""Алькада""",Київська,"Київська обл., Броварський р-н, с. Красилівка, вул. Варшавська, 2, вежа ПрАТ ""ВФ Україна»",UA2652,11.09.2023,3500,to the act,470,отчет,№
"ООО ""ВКФ ""Алькада""",Запорізька ,"м. Запоріжжя, Оріхівське шосе, 14",UZ0922,in progress,3200,3,470,отчет,№
"ООО ""ВКФ ""Алькада""",Запорізька ,"Запорізька обл., Запорізький р-н, с. Новоолександрівка, вул. Шкільна, 14 ",UZ0857,in progress,3200,1,470,отчет,№
"ООО ""ВКФ ""Алькада""",Київська,"Київська обл., м. Фастів, вул. Бишівська, 2, вежа ТОВ ""ЮТК""",TUA2745,in progress,3200,1,470,отчет,№
"ООО ""ВКФ ""Алькада""",Київська,"Київська обл., Білоцерківський р-н, с. Рогізна, вежа ПрАТ ""ВФ Україна""
",TUA5569,in progress,3200,1,470,отчет,№
"ООО ""ВКФ ""Алькада""",Київська,"Київська обл., Яготинський р-н, с.Черняхівка, вежа ТОВ ""ЮТК""
",TUA1602,in progress,3200,1,470,отчет,№
"ООО ""ВКФ ""Алькада""",Київська,"Київська обл., Білоцерківський р-н, с. Тарасівка, вежа ТОВ ""ЮТК""
",TUA5797,in progress,3200,1,470,отчет,№
"ООО ""ВКФ ""Алькада""",Київська,"Київська обл., Фастівський р-н, с. Мотовилівка, вул. Польова, опора ТОВ ""ЮТК""",TUA5560,in progress,3200,1,470,отчет,№
"ООО ""ВКФ ""Алькада""",Київська,"Київ, вул. Кубанської України, 2, санаторій",TUA5909,in progress,3200,1,470,отчет,№
"ООО ""ВКФ ""Алькада""",Київська,"Київська обл., Білоцерківський р-н, с. Рогізна, вежа ПрАТ ""ВФ Україна""",UA0596,in progress,3500,1,470,отчет,№
"ООО ""ВКФ ""Алькада""",Київська,"Київська обл., Бучанський р-н, с. Микуличі, пров. Шляховий, 10а, вежа АТ ""Укрзалізниця""
",UA0620 ,in progress,3200,1,470,отчет,№